"[u'eez', u'yahoo', u'arrest', u'fobia', u'vanila', u'whipping', u'mro', u'mandi', u'semenjak', u'appoint']","[u'hangat', u'belanga', u'akibat', u'sprint', u'awareness', u'jom', u'malaria', u'97000', u'asli', u'compromise']","[u'gred', u'bagasi', u'politik', u'muhammed', u'rm23', u'every', u'stakeholder', u'rm35000', u'transparency', u'haba']","[u'piketty', u'rm185', u'mkm', u'berangsang', u'than', u'attachment', u'punggung', u'repot', u'pantai', u'gelora']","[u'tanjung', u'aras', u'profitable', u'domba', u'dokumentasi', u'datu', u'ddi', u'ai', u'tongsan', u'simulasi']","[u'batok', u'hypothetical', u'tampar', u'mr', u'telipok', u'mentah', u'subjudis', u'runway', u'transparensi', u'confucius']","[u'zurich', u'bottleneck', u'tertib', u'safeguards', u'alif', u'pay', u'siap', u'alarm', u'severe', u'prejudice']","[u'enabling', u'deputy', u'destructive', u'rasuk', u'patrol', u'24000', u'sihat', u'share', u'instruction', u'proviso']","[u'chalet', u'buffer', u'matrikulasi', u'discharge', u'rm5000', u'mpbn', u'rm4585', u'usd7', u'sumpah', u'tuberkulosis']","[u'tekad', u'muflis', u'memecahbelahkan', u'found', u'lampin', u'trigger', u'tangkak', u'najis', u'clearance', u'communicable']","[u'estate', u'090300', u'renung', u'kreatif', u'sampel', u'6a', u'saudara', u'mckk', u'desa', u'promote']","[u'b5', u'luat', u'dihebahkan', u'yusuf', u'rm540', u'kasb', u'250000', u'milo', u'selaku', u'compensation']","[u'simpati', u'balak', u'hei', u'you', u'yours', u'god', u'sprm', u'bottom', u'peluru', u'tal']","[u'rentak', u'csmu', u'377e', u'sikit', u'kampong', u'klia2', u'kamal', u'minimum', u'implan', u'pregnancy']","[u'teller', u'desus', u'mandate', u'maximum', u'jakarta', u'peluh', u'complimentary', u'kupas', u'whether', u'kkip']","[u'technologist', u'inland', u'gelanggi', u'banglo', u'pasport', u'bisu', u'senoi', u'batil', u'bankruptcy', u'diaward']","[u'fairness', u'drain', u'projects', u'dongeng', u'guide', u'usim', u'celebration', u'pancing', u'zoom', u'crash']","[u'mukadimah', u'rm89', u'nyalang', u'ytl', u'zealand', u'hubung', u'train', u'tambah', u'090700', u'celebration']","[u'jurutera', u'menghebahkan', u'soe', u'unconstitutional', u'liabiliti', u'actual', u'beting', u'eskalator', u'bai', u'flotilla']","[u'monumen', u'negeri', u'philippines', u'iom', u'offense', u'benar', u'multitasking', u'tight', u'memodenkan', u'om']"
"[u'ddec', u'smue', u'knee', u'caam', u'rm219', u'calls', u'mogok', u'kashturiraani', u'dendam', u'lppsa']","[u'ddec', u'smue', u'knee', u'caam', u'rm219', u'calls', u'mogok', u'yawas', u'lppsa', u'kognitif']","[u'ddec', u'smue', u'knee', u'rm219', u'caam', u'calls', u'yawas', u'dendam', u'lppsa', u'mogok']","[u'ddec', u'smue', u'knee', u'caam', u'rm219', u'calls', u'yawas', u'dendam', u'lppsa', u'mogok']","[u'ddec', u'smue', u'knee', u'rm219', u'caam', u'calls', u'mogok', u'dendam', u'lppsa', u'yawas']","[u'ddec', u'smue', u'knee', u'caam', u'rm219', u'calls', u'yawas', u'dendam', u'kashturiraani', u'lppsa']","[u'ddec', u'smue', u'knee', u'caam', u'rm219', u'calls', u'yawas', u'mogok', u'lppsa', u'kognitif']","[u'ddec', u'smue', u'knee', u'caam', u'rm219', u'calls', u'yawas', u'mogok', u'lppsa', u'dendam']","[u'ddec', u'smue', u'knee', u'caam', u'rm219', u'calls', u'yawas', u'lppsa', u'mogok', u'dendam']","[u'ddec', u'smue', u'knee', u'caam', u'rm219', u'calls', u'lppsa', u'yawas', u'dendam', u'mogok']","[u'ddec', u'smue', u'knee', u'caam', u'rm219', u'calls', u'yawas', u'mogok', u'dbd', u'dendam']","[u'ddec', u'smue', u'knee', u'rm219', u'caam', u'calls', u'yawas', u'mogok', u'tekat', u'lppsa']","[u'ddec', u'smue', u'knee', u'caam', u'rm219', u'calls', u'lppsa', u'yawas', u'dendam', u'tekat']","[u'ddec', u'smue', u'knee', u'caam', u'rm219', u'calls', u'lppsa', u'dendam', u'yawas', u'dbd']","[u'ddec', u'smue', u'knee', u'caam', u'rm219', u'calls', u'yawas', u'mogok', u'tekat', u'kognitif']","[u'ddec', u'smue', u'knee', u'caam', u'rm219', u'calls', u'lppsa', u'yawas', u'mogok', u'kognitif']","[u'ddec', u'smue', u'knee', u'caam', u'rm219', u'calls', u'yawas', u'mogok', u'lppsa', u'dendam']","[u'ddec', u'smue', u'knee', u'rm219', u'caam', u'calls', u'lppsa', u'kognitif', u'dendam', u'yawas']","[u'ddec', u'smue', u'knee', u'caam', u'rm219', u'calls', u'dendam', u'yawas', u'mogok', u'kashturiraani']","[u'ddec', u'smue', u'knee', u'caam', u'calls', u'rm219', u'yawas', u'lppsa', u'dendam', u'kognitif']"
"[u'ddec', u'catut', u'suara', u'maria', u'cakap', u'royalti', u'bahas', u'jelas', u'bekal', u'harus']","[u'ddec', u'suara', u'catut', u'bahas', u'maria', u'cakap', u'bekal', u'jelas', u'ipg', u'harus']","[u'ddec', u'catut', u'suara', u'maria', u'ipg', u'cakap', u'bahas', u'bekal', u'royalti', u'tuju']","[u'ddec', u'suara', u'catut', u'maria', u'cakap', u'bahas', u'royalti', u'you', u'bekal', u'jelas']","[u'ddec', u'catut', u'suara', u'bahas', u'bekal', u'cakap', u'maria', u'ipg', u'peguam', u'royalti']","[u'ddec', u'maria', u'suara', u'ipg', u'catut', u'bahas', u'cakap', u'bekal', u'royalti', u'ajar']","[u'ddec', u'suara', u'maria', u'catut', u'cakap', u'peguam', u'bahas', u'bekal', u'royalti', u'ipg']","[u'ddec', u'catut', u'suara', u'maria', u'ipg', u'cakap', u'bekal', u'bahas', u'royalti', u'peguam']","[u'ddec', u'suara', u'catut', u'maria', u'cakap', u'bahas', u'bekal', u'royalti', u'jelas', u'ipg']","[u'ddec', u'maria', u'catut', u'suara', u'bekal', u'bahas', u'royalti', u'cakap', u'ipg', u'jelas']","[u'ddec', u'maria', u'catut', u'suara', u'bekal', u'bahas', u'cakap', u'royalti', u'jelas', u'ipg']","[u'ddec', u'catut', u'suara', u'maria', u'bekal', u'royalti', u'cakap', u'lantan', u'bahas', u'harus']","[u'ddec', u'suara', u'maria', u'catut', u'ipg', u'cakap', u'bahas', u'bekal', u'royalti', u'tuju']","[u'ddec', u'catut', u'maria', u'suara', u'bahas', u'cakap', u'bekal', u'ipg', u'jelas', u'sekolah']","[u'ddec', u'catut', u'suara', u'cakap', u'maria', u'royalti', u'bekal', u'bahas', u'jelas', u'ipg']","[u'ddec', u'maria', u'suara', u'catut', u'cakap', u'bekal', u'bahas', u'harus', u'jelas', u'ipg']","[u'ddec', u'suara', u'catut', u'royalti', u'maria', u'cakap', u'bekal', u'bahas', u'jelas', u'ipg']","[u'ddec', u'catut', u'suara', u'maria', u'bekal', u'royalti', u'cakap', u'bahas', u'jelas', u'lantan']","[u'ddec', u'suara', u'catut', u'bekal', u'maria', u'cakap', u'royalti', u'bahas', u'tuju', u'ipg']","[u'ddec', u'maria', u'royalti', u'suara', u'catut', u'bekal', u'cakap', u'ipg', u'bahas', u'jelas']"
"[u'ddec', u'ekstremis', u'bangkit', u'sekolah', u'wayang', u'lulus', u'laksana', u'sabah', u'bajet', u'sarawak']","[u'ddec', u'ekstremis', u'bangkit', u'bajet', u'sekolah', u'lulus', u'laksana', u'konsesi', u'tepat', u'libat']","[u'ddec', u'ekstremis', u'bangkit', u'bajet', u'sarawak', u'lulus', u'sabah', u'bayar', u'wayang', u'laksana']","[u'ddec', u'ekstremis', u'bangkit', u'bajet', u'lulus', u'laksana', u'sekolah', u'gst', u'jelas', u'libat']","[u'ddec', u'bangkit', u'ekstremis', u'wayang', u'bajet', u'lulus', u'laksana', u'sarawak', u'sabah', u'libat']","[u'ddec', u'bangkit', u'sekolah', u'bajet', u'ekstremis', u'lulus', u'laksana', u'gst', u'amaun', u'sabah']","[u'ddec', u'wayang', u'bangkit', u'sekolah', u'sabah', u'sarawak', u'ekstremis', u'laksana', u'bajet', u'lulus']","[u'ddec', u'ekstremis', u'bangkit', u'bajet', u'wayang', u'sekolah', u'sabah', u'laksana', u'gst', u'lulus']","[u'ddec', u'bangkit', u'ekstremis', u'lulus', u'sabah', u'sarawak', u'laksana', u'bajet', u'libat', u'gst']","[u'ddec', u'ekstremis', u'bangkit', u'bajet', u'sekolah', u'lulus', u'laksana', u'bayar', u'gst', u'libat']","[u'ddec', u'ekstremis', u'bangkit', u'bajet', u'laksana', u'sarawak', u'sekolah', u'jelas', u'libat', u'wayang']","[u'ddec', u'bangkit', u'bajet', u'laksana', u'lulus', u'gst', u'bayar', u'libat', u'sabah', u'jelas']","[u'ddec', u'ekstremis', u'bangkit', u'lulus', u'bajet', u'laksana', u'sabah', u'sarawak', u'wayang', u'sekolah']","[u'ddec', u'ekstremis', u'bangkit', u'gst', u'bajet', u'wayang', u'sekolah', u'laksana', u'lulus', u'jelas']","[u'ddec', u'bangkit', u'ekstremis', u'bajet', u'lulus', u'bayar', u'gst', u'laksana', u'libat', u'jelas']","[u'ddec', u'bangkit', u'ekstremis', u'bajet', u'lulus', u'sekolah', u'laksana', u'gst', u'jelas', u'libat']","[u'ddec', u'bangkit', u'laksana', u'sekolah', u'gst', u'jelas', u'bajet', u'bayar', u'lulus', u'ekstremis']","[u'ddec', u'wayang', u'ekstremis', u'lulus', u'bangkit', u'laksana', u'gst', u'bayar', u'bajet', u'sekolah']","[u'ddec', u'bangkit', u'wayang', u'laksana', u'ekstremis', u'lulus', u'bayar', u'bajet', u'libat', u'gst']","[u'ddec', u'ekstremis', u'bangkit', u'bayar', u'laksana', u'wayang', u'sekolah', u'bajet', u'libat', u'lulus']"
"[u'ddec', u'sekolah', u'sabah', u'jelas', u'padi', u'bajet', u'tuju', u'the', u'sarawak', u'tani']","[u'ddec', u'sabah', u'sekolah', u'jelas', u'mantan', u'padi', u'tuju', u'suruhanjaya', u'bajet', u'the']","[u'ddec', u'jelas', u'sabah', u'sekolah', u'tuju', u'suruhanjaya', u'bajet', u'sarawak', u'bayar', u'mantan']","[u'ddec', u'sabah', u'jelas', u'sekolah', u'padi', u'the', u'bajet', u'bayar', u'tuju', u'sarawak']","[u'ddec', u'jelas', u'sabah', u'bajet', u'tuju', u'sekolah', u'suruhanjaya', u'siasat', u'bayar', u'padi']","[u'ddec', u'sabah', u'jelas', u'sekolah', u'bajet', u'bayar', u'suruhanjaya', u'tuju', u'cukai', u'sarawak']","[u'ddec', u'sabah', u'jelas', u'padi', u'sekolah', u'bajet', u'bayar', u'memang', u'tuju', u'cakap']","[u'ddec', u'sabah', u'jelas', u'bayar', u'sarawak', u'sekolah', u'mantan', u'bajet', u'tuju', u'suruhanjaya']","[u'ddec', u'sabah', u'jelas', u'bayar', u'tuju', u'suruhanjaya', u'siasat', u'sarawak', u'bajet', u'padi']","[u'ddec', u'sekolah', u'jelas', u'sabah', u'bajet', u'padi', u'bayar', u'tuju', u'cukai', u'suruhanjaya']","[u'ddec', u'jelas', u'sabah', u'sekolah', u'bayar', u'bajet', u'tuju', u'padi', u'mantan', u'suruhanjaya']","[u'ddec', u'sabah', u'jelas', u'padi', u'bajet', u'bayar', u'tuju', u'suruhanjaya', u'tani', u'sarawak']","[u'ddec', u'sabah', u'sekolah', u'jelas', u'tuju', u'sarawak', u'bajet', u'mantan', u'suruhanjaya', u'bayar']","[u'ddec', u'jelas', u'sabah', u'sekolah', u'bajet', u'bayar', u'suruhanjaya', u'sarawak', u'the', u'tuju']","[u'ddec', u'jelas', u'bayar', u'bajet', u'suruhanjaya', u'sabah', u'tuju', u'cakap', u'mantan', u'padi']","[u'ddec', u'suruhanjaya', u'jelas', u'sabah', u'sekolah', u'mantan', u'the', u'siasat', u'tuju', u'bajet']","[u'ddec', u'jelas', u'suruhanjaya', u'sabah', u'sekolah', u'padi', u'bayar', u'tuju', u'bajet', u'sarawak']","[u'ddec', u'sekolah', u'bayar', u'suruhanjaya', u'jelas', u'sabah', u'bajet', u'cukai', u'padi', u'laksana']","[u'ddec', u'jelas', u'bayar', u'sabah', u'tuju', u'suruhanjaya', u'cukai', u'sekolah', u'bajet', u'padi']","[u'ddec', u'sekolah', u'bayar', u'jelas', u'padi', u'sabah', u'suruhanjaya', u'bajet', u'masing', u'sarawak']"
"[u'ddec', u'sabah', u'sarawak', u'laksana', u'sekolah', u'selesai', u'libat', u'bangkit', u'tuju', u'tani']","[u'ddec', u'sabah', u'libat', u'laksana', u'selesai', u'sekolah', u'sarawak', u'bangkit', u'culi', u'haram']","[u'ddec', u'sabah', u'sarawak', u'selesai', u'libat', u'laksana', u'sekolah', u'sedikit', u'bangkit', u'tuju']","[u'ddec', u'sabah', u'laksana', u'selesai', u'libat', u'sarawak', u'sekolah', u'siap', u'bangkit', u'sampai']","[u'ddec', u'sabah', u'selesai', u'laksana', u'libat', u'sarawak', u'sekolah', u'belanja', u'bangkit', u'sedikit']","[u'ddec', u'sabah', u'laksana', u'selesai', u'sarawak', u'sekolah', u'libat', u'sedikit', u'sampai', u'siap']","[u'ddec', u'sabah', u'sarawak', u'selesai', u'haram', u'laksana', u'libat', u'sekolah', u'sampai', u'memang']","[u'ddec', u'sabah', u'sarawak', u'laksana', u'selesai', u'sekolah', u'libat', u'bahasa', u'haram', u'sampai']","[u'ddec', u'sabah', u'selesai', u'sarawak', u'libat', u'haram', u'laksana', u'sedikit', u'sampai', u'bangkit']","[u'ddec', u'sabah', u'laksana', u'sekolah', u'libat', u'selesai', u'belanja', u'haram', u'hakim', u'bangkit']","[u'ddec', u'sabah', u'selesai', u'laksana', u'sarawak', u'libat', u'sekolah', u'bangkit', u'sampai', u'sedikit']","[u'ddec', u'sabah', u'laksana', u'sarawak', u'selesai', u'libat', u'sedikit', u'siap', u'sampai', u'dahulu']","[u'ddec', u'sabah', u'laksana', u'sarawak', u'sekolah', u'libat', u'selesai', u'bahasa', u'siap', u'bangkit']","[u'ddec', u'sabah', u'laksana', u'sarawak', u'libat', u'selesai', u'sampai', u'bangkit', u'sedikit', u'belanja']","[u'ddec', u'sabah', u'laksana', u'selesai', u'libat', u'cemburu', u'sedikit', u'bangkit', u'sampai', u'siap']","[u'ddec', u'sabah', u'laksana', u'sekolah', u'libat', u'selesai', u'sarawak', u'bangkit', u'sedikit', u'sampai']","[u'ddec', u'sabah', u'laksana', u'sekolah', u'sarawak', u'selesai', u'libat', u'bahasa', u'ajar', u'sedikit']","[u'ddec', u'sabah', u'laksana', u'sarawak', u'sekolah', u'siap', u'libat', u'selesai', u'belanja', u'bajet']","[u'ddec', u'sabah', u'laksana', u'libat', u'selesai', u'belanja', u'sedikit', u'sampai', u'sarawak', u'bayar']","[u'ddec', u'sabah', u'laksana', u'sekolah', u'libat', u'ajar', u'selesai', u'sarawak', u'mahir', u'haram']"
"[u'ddec', u'gst', u'cukai', u'tuju', u'memang', u'sabah', u'sarawak', u'industri', u'rasa', u'laksana']","[u'ddec', u'gst', u'cukai', u'memang', u'adu', u'tuju', u'ajar', u'laksana', u'suruhanjaya', u'sekitar']","[u'ddec', u'gst', u'cukai', u'sabah', u'sarawak', u'memang', u'rasa', u'tuju', u'bayar', u'laksana']","[u'ddec', u'gst', u'cukai', u'laksana', u'memang', u'sabah', u'banjir', u'sarawak', u'barang', u'sekitar']","[u'ddec', u'gst', u'memang', u'banjir', u'sabah', u'sarawak', u'sekitar', u'tuju', u'rasa', u'cukai']","[u'ddec', u'gst', u'cukai', u'bayar', u'sabah', u'memang', u'sarawak', u'laksana', u'tuju', u'bayan']","[u'ddec', u'gst', u'cukai', u'memang', u'sabah', u'banjir', u'sarawak', u'sekitar', u'bayar', u'labuh']","[u'ddec', u'gst', u'sarawak', u'cukai', u'sabah', u'memang', u'adu', u'hospital', u'ajar', u'universiti']","[u'ddec', u'gst', u'cukai', u'sabah', u'memang', u'sarawak', u'tuju', u'bayar', u'rasa', u'adu']","[u'ddec', u'cukai', u'gst', u'bayar', u'memang', u'tuju', u'sekitar', u'laksana', u'ajar', u'rasa']","[u'ddec', u'gst', u'cukai', u'memang', u'sarawak', u'bayar', u'hospital', u'sabah', u'laksana', u'banjir']","[u'ddec', u'gst', u'cukai', u'bayar', u'sekitar', u'memang', u'industri', u'labuh', u'sabah', u'laksana']","[u'ddec', u'gst', u'sarawak', u'sabah', u'cukai', u'laksana', u'tuju', u'pulau', u'memang', u'sekitar']","[u'ddec', u'gst', u'cukai', u'memang', u'bayar', u'banjir', u'sabah', u'suruhanjaya', u'laksana', u'adu']","[u'ddec', u'gst', u'cukai', u'pinang', u'memang', u'bayar', u'laksana', u'pulau', u'rancang', u'tuju']","[u'ddec', u'gst', u'cukai', u'memang', u'bayar', u'laksana', u'suruhanjaya', u'sabah', u'rancang', u'rasa']","[u'ddec', u'gst', u'cukai', u'memang', u'laksana', u'sarawak', u'sabah', u'tuju', u'ajar', u'rasa']","[u'ddec', u'gst', u'cukai', u'labuh', u'sabah', u'sarawak', u'bayar', u'memang', u'laksana', u'sekitar']","[u'ddec', u'gst', u'cukai', u'bayar', u'memang', u'tuju', u'barang', u'laksana', u'sabah', u'pulau']","[u'ddec', u'gst', u'cukai', u'bayar', u'laksana', u'suruhanjaya', u'ajar', u'memang', u'tuju', u'sarawak']"
"[u'ddec', u'sabah', u'bekal', u'order', u'jelas', u'tuju', u'point', u'of', u'the', u'batu']","[u'ddec', u'sabah', u'bekal', u'jelas', u'rancang', u'order', u'tuju', u'batu', u'laut', u'kapal']","[u'ddec', u'sabah', u'bekal', u'jelas', u'rancang', u'tuju', u'the', u'khusus', u'batu', u'order']","[u'ddec', u'bekal', u'sabah', u'rancang', u'tuju', u'jelas', u'kapal', u'khusus', u'laut', u'libat']","[u'ddec', u'sabah', u'bekal', u'rancang', u'jelas', u'khusus', u'libat', u'sarawak', u'tuju', u'batu']","[u'ddec', u'sabah', u'bekal', u'jelas', u'laut', u'kapal', u'tuju', u'cakap', u'rancang', u'the']","[u'ddec', u'sabah', u'bekal', u'rancang', u'kapal', u'jelas', u'laut', u'khusus', u'tuju', u'libat']","[u'ddec', u'sabah', u'bekal', u'jelas', u'tuju', u'cakap', u'batu', u'siapa', u'sarawak', u'rancang']","[u'ddec', u'sabah', u'bekal', u'jelas', u'tuju', u'kapal', u'khusus', u'rancang', u'libat', u'sarawak']","[u'ddec', u'bekal', u'sabah', u'rancang', u'jelas', u'laut', u'tuju', u'kapal', u'loji', u'khusus']","[u'ddec', u'bekal', u'sabah', u'loji', u'rancang', u'jelas', u'tuju', u'batu', u'khusus', u'sarawak']","[u'ddec', u'sabah', u'bekal', u'kapal', u'jelas', u'pahang', u'laut', u'rancang', u'khusus', u'cakap']","[u'ddec', u'sabah', u'bekal', u'tuju', u'rancang', u'jelas', u'sarawak', u'kapal', u'batu', u'laut']","[u'ddec', u'bekal', u'sabah', u'jelas', u'batu', u'rancang', u'tuju', u'kapal', u'loji', u'libat']","[u'ddec', u'bekal', u'sabah', u'rancang', u'jelas', u'tuju', u'libat', u'cakap', u'batu', u'khusus']","[u'ddec', u'bekal', u'sabah', u'rancang', u'jelas', u'khusus', u'kapal', u'the', u'tuju', u'loji']","[u'ddec', u'sabah', u'bekal', u'jelas', u'tuju', u'rancang', u'bangkit', u'habis', u'cakap', u'the']","[u'ddec', u'bekal', u'sabah', u'jelas', u'loji', u'kapal', u'rancang', u'tuju', u'sarawak', u'khusus']","[u'ddec', u'bekal', u'sabah', u'rancang', u'jelas', u'tuju', u'loji', u'of', u'khusus', u'kapal']","[u'ddec', u'sabah', u'bekal', u'jelas', u'tuju', u'rancang', u'libat', u'khusus', u'habis', u'batu']"
"[u'ddec', u'the', u'jelas', u'shah', u'demokrasi', u'tuju', u'sabah', u'fitnah', u'batu', u'that']","[u'ddec', u'the', u'shah', u'jelas', u'demokrasi', u'tuju', u'bahas', u'laksana', u'sabah', u'bangkit']","[u'ddec', u'the', u'demokrasi', u'jelas', u'shah', u'that', u'to', u'bahas', u'sakit', u'it']","[u'ddec', u'the', u'laksana', u'jelas', u'tuju', u'bahas', u'bangkit', u'shah', u'sabah', u'that']","[u'ddec', u'sabah', u'the', u'jelas', u'sakit', u'shah', u'tuju', u'hospital', u'bangkit', u'laksana']","[u'ddec', u'shah', u'the', u'sabah', u'jelas', u'laksana', u'demokrasi', u'tuju', u'sakit', u'bahas']","[u'ddec', u'jelas', u'laksana', u'the', u'sabah', u'gas', u'shah', u'tuju', u'industri', u'bangkit']","[u'ddec', u'demokrasi', u'the', u'shah', u'fitnah', u'tuju', u'jelas', u'sabah', u'sakit', u'laksana']","[u'ddec', u'the', u'sabah', u'jelas', u'tuju', u'bahas', u'laksana', u'bangkit', u'batu', u'sakit']","[u'ddec', u'the', u'jelas', u'koperasi', u'laksana', u'bahas', u'tuju', u'shah', u'sabah', u'bangkit']","[u'ddec', u'the', u'sabah', u'jelas', u'laksana', u'demokrasi', u'shah', u'bahas', u'bangkit', u'gas']","[u'ddec', u'shah', u'sakit', u'laksana', u'jelas', u'sabah', u'industri', u'tuju', u'tabung', u'the']","[u'ddec', u'the', u'sabah', u'tuju', u'jelas', u'laksana', u'that', u'demokrasi', u'shah', u'i']","[u'ddec', u'the', u'demokrasi', u'shah', u'jelas', u'batu', u'sabah', u'tuju', u'that', u'laksana']","[u'ddec', u'the', u'laksana', u'tuju', u'jelas', u'lebar', u'shah', u'demokrasi', u'bangkit', u'sabah']","[u'ddec', u'the', u'sabah', u'gas', u'jelas', u'laksana', u'bekal', u'tuju', u'lebar', u'bahas']","[u'ddec', u'jelas', u'the', u'shah', u'tuju', u'laksana', u'bangkit', u'koperasi', u'sakit', u'to']","[u'ddec', u'sabah', u'sakit', u'the', u'hospital', u'shah', u'laksana', u'jelas', u'koperasi', u'bekal']","[u'ddec', u'the', u'shah', u'jelas', u'gas', u'tuju', u'laksana', u'sabah', u'bahas', u'sakit']","[u'ddec', u'the', u'jelas', u'shah', u'laksana', u'demokrasi', u'sabah', u'tuju', u'koperasi', u'sakit']"
"[u'ddec', u'the', u'jelas', u'sarawak', u'tuju', u'kanak', u'baju', u'of', u'cakap', u'bayar']","[u'ddec', u'baju', u'jelas', u'tuju', u'cakap', u'siapa', u'the', u'bebas', u'sarawak', u'kanak']","[u'ddec', u'kanak', u'the', u'jelas', u'sarawak', u'tuju', u'bayar', u'bajet', u'rasa', u'anwar']","[u'ddec', u'the', u'sarawak', u'jelas', u'tuju', u'laksana', u'bencana', u'banjir', u'of', u'bayar']","[u'ddec', u'sarawak', u'banjir', u'anwar', u'jelas', u'sabah', u'the', u'cakap', u'baju', u'bajet']","[u'ddec', u'sarawak', u'jelas', u'the', u'cakap', u'sabah', u'tuju', u'bayar', u'patut', u'anwar']","[u'ddec', u'jelas', u'sarawak', u'cakap', u'the', u'laksana', u'tuju', u'baju', u'patut', u'bayar']","[u'ddec', u'sarawak', u'tuju', u'siapa', u'kanak', u'cakap', u'jelas', u'the', u'baju', u'milik']","[u'ddec', u'sarawak', u'jelas', u'sabah', u'bayar', u'tuju', u'patut', u'the', u'baju', u'siapa']","[u'ddec', u'the', u'sarawak', u'bayar', u'kanak', u'patut', u'banjir', u'jelas', u'tuju', u'bajet']","[u'ddec', u'sarawak', u'baju', u'jelas', u'the', u'sabah', u'tuju', u'cakap', u'patut', u'bajet']","[u'ddec', u'sarawak', u'bayar', u'banjir', u'sabah', u'jelas', u'bajet', u'patut', u'laksana', u'tuju']","[u'ddec', u'sarawak', u'the', u'tuju', u'sabah', u'baju', u'jelas', u'cakap', u'bayar', u'kanak']","[u'ddec', u'sarawak', u'the', u'jelas', u'baju', u'anwar', u'tuju', u'cakap', u'banjir', u'bayar']","[u'ddec', u'tuju', u'sarawak', u'jelas', u'banjir', u'cakap', u'bencana', u'the', u'kanak', u'baju']","[u'ddec', u'the', u'sarawak', u'jelas', u'tuju', u'baju', u'patut', u'of', u'cakap', u'sabah']","[u'ddec', u'jelas', u'the', u'tuju', u'sarawak', u'cakap', u'sedikit', u'to', u'banjir', u'siapa']","[u'ddec', u'sarawak', u'banjir', u'sabah', u'bencana', u'subsidi', u'patut', u'kanak', u'bajet', u'bayar']","[u'ddec', u'jelas', u'bayar', u'tuju', u'anwar', u'sarawak', u'cakap', u'the', u'patut', u'subsidi']","[u'ddec', u'sarawak', u'jelas', u'the', u'tuju', u'bayar', u'sabah', u'laksana', u'daftar', u'siapa']"
"[u'ddec', u'ajar', u'jelas', u'tangan', u'universiti', u'industri', u'laksana', u'selangor', u'tuju', u'libat']","[u'ddec', u'ajar', u'jelas', u'laksana', u'tangan', u'kaum', u'libat', u'industri', u'tuju', u'universiti']","[u'ddec', u'jelas', u'ajar', u'laksana', u'tangan', u'libat', u'the', u'kaum', u'lahir', u'universiti']","[u'ddec', u'laksana', u'jelas', u'industri', u'tuju', u'selangor', u'ajar', u'tangan', u'libat', u'dahulu']","[u'ddec', u'jelas', u'laksana', u'ajar', u'tangan', u'industri', u'memang', u'universiti', u'libat', u'kaum']","[u'ddec', u'laksana', u'industri', u'ajar', u'jelas', u'selangor', u'tangan', u'tuju', u'universiti', u'kaum']","[u'ddec', u'laksana', u'industri', u'jelas', u'ajar', u'universiti', u'memang', u'kaum', u'selangor', u'tuju']","[u'ddec', u'kaum', u'tangan', u'laksana', u'tuju', u'hasut', u'jelas', u'selangor', u'batu', u'ajar']","[u'ddec', u'laksana', u'jelas', u'ajar', u'tangan', u'industri', u'libat', u'tuju', u'universiti', u'tentu']","[u'ddec', u'laksana', u'industri', u'ajar', u'universiti', u'jelas', u'selangor', u'tentu', u'tangan', u'lahir']","[u'ddec', u'industri', u'laksana', u'kaum', u'jelas', u'tangan', u'tentu', u'tuju', u'batu', u'selangor']","[u'ddec', u'industri', u'laksana', u'ajar', u'universiti', u'selangor', u'jelas', u'libat', u'dahulu', u'latih']","[u'ddec', u'laksana', u'ajar', u'kaum', u'jelas', u'industri', u'tuju', u'universiti', u'tentu', u'tangan']","[u'ddec', u'laksana', u'industri', u'jelas', u'kaum', u'tangan', u'ajar', u'libat', u'sosial', u'tuju']","[u'ddec', u'laksana', u'jelas', u'industri', u'tuju', u'tangan', u'kaum', u'selangor', u'libat', u'universiti']","[u'ddec', u'industri', u'laksana', u'ajar', u'jelas', u'universiti', u'kaum', u'tentu', u'nilai', u'tuju']","[u'ddec', u'laksana', u'jelas', u'industri', u'tuju', u'tangan', u'libat', u'ajar', u'batu', u'dahulu']","[u'ddec', u'laksana', u'industri', u'ajar', u'wanita', u'jelas', u'tangan', u'insentif', u'memang', u'tentu']","[u'ddec', u'laksana', u'industri', u'jelas', u'ajar', u'tuju', u'subsidi', u'memang', u'tentu', u'gas']","[u'ddec', u'laksana', u'jelas', u'ajar', u'tangan', u'industri', u'kaum', u'libat', u'universiti', u'lahir']"
"[u'ddec', u'the', u'jenayah', u'of', u'rasa', u'cakap', u'jelas', u'any', u'to', u'bahas']","[u'ddec', u'the', u'jenayah', u'islam', u'cakap', u'ajar', u'bahas', u'ayat', u'rasa', u'shah']","[u'ddec', u'the', u'jenayah', u'any', u'to', u'of', u'is', u'rasa', u'so', u'it']","[u'ddec', u'the', u'jenayah', u'any', u'tanam', u'gst', u'of', u'so', u'be', u'to']","[u'ddec', u'the', u'tanam', u'jenayah', u'cakap', u'rasa', u'so', u'to', u'jelas', u'bahas']","[u'ddec', u'tanam', u'gst', u'the', u'cakap', u'rasa', u'dahulu', u'cukai', u'laksana', u'jelas']","[u'ddec', u'the', u'gst', u'rasa', u'cakap', u'tanam', u'jelas', u'ajar', u'bahas', u'dengar']","[u'ddec', u'jenayah', u'the', u'any', u'of', u'cakap', u'to', u'tangkap', u'rasa', u'batu']","[u'ddec', u'the', u'jenayah', u'gst', u'rasa', u'so', u'jelas', u'bahas', u'bangkit', u'tanam']","[u'ddec', u'the', u'gst', u'any', u'rasa', u'tanam', u'jenayah', u'bahas', u'to', u'of']","[u'ddec', u'the', u'gst', u'rasa', u'tanam', u'jenayah', u'bahas', u'ajar', u'cakap', u'sedikit']","[u'ddec', u'tanam', u'gst', u'ajar', u'potong', u'bahas', u'bajet', u'rasa', u'cakap', u'dahulu']","[u'ddec', u'the', u'jenayah', u'to', u'any', u'so', u'is', u'cakap', u'rasa', u'of']","[u'ddec', u'the', u'jenayah', u'any', u'gst', u'tanam', u'is', u'to', u'rasa', u'of']","[u'ddec', u'the', u'tanam', u'jenayah', u'cakap', u'rasa', u'jelas', u'gst', u'of', u'bahas']","[u'ddec', u'the', u'of', u'rasa', u'so', u'gst', u'to', u'tanam', u'is', u'it']","[u'ddec', u'the', u'jenayah', u'gst', u'cakap', u'jelas', u'bahas', u'tangkap', u'so', u'tanam']","[u'ddec', u'tanam', u'the', u'rasa', u'gst', u'so', u'to', u'potong', u'rtc', u'ajar']","[u'ddec', u'gst', u'the', u'cukai', u'rasa', u'cakap', u'bahas', u'so', u'ikan', u'dengar']","[u'ddec', u'jenayah', u'the', u'jelas', u'tangkap', u'cakap', u'batu', u'bangkit', u'rasa', u'bahas']"
"[u'ddec', u'of', u'islam', u'daftar', u'laksana', u'the', u'spr', u'undi', u'china', u'rasa']","[u'ddec', u'islam', u'undi', u'daftar', u'spr', u'hak', u'agama', u'laksana', u'audit', u'tolak']","[u'ddec', u'daftar', u'undi', u'the', u'of', u'islam', u'china', u'spr', u'rasa', u'and']","[u'ddec', u'daftar', u'laksana', u'spr', u'undi', u'kerusi', u'asean', u'belanja', u'bajet', u'mkn']","[u'ddec', u'undi', u'spr', u'kerusi', u'bajet', u'laksana', u'china', u'belanja', u'paya', u'daftar']","[u'ddec', u'laksana', u'undi', u'bajet', u'china', u'belanja', u'selangor', u'sabah', u'kerusi', u'asean']","[u'ddec', u'laksana', u'bajet', u'china', u'belanja', u'undi', u'kerusi', u'daftar', u'sekolah', u'khusus']","[u'ddec', u'undi', u'spr', u'daftar', u'kaum', u'kerusi', u'islam', u'of', u'hak', u'agama']","[u'ddec', u'laksana', u'audit', u'china', u'sekolah', u'belanja', u'bajet', u'sabah', u'daftar', u'rasa']","[u'ddec', u'belanja', u'bajet', u'laksana', u'daftar', u'spr', u'audit', u'undi', u'rasa', u'sekolah']","[u'ddec', u'bajet', u'belanja', u'laksana', u'china', u'sekolah', u'islam', u'kerusi', u'audit', u'khusus']","[u'ddec', u'bajet', u'laksana', u'belanja', u'china', u'undi', u'sabah', u'khusus', u'ajar', u'selangor']","[u'ddec', u'china', u'daftar', u'laksana', u'undi', u'asean', u'sekolah', u'islam', u'sabah', u'tuju']","[u'ddec', u'daftar', u'laksana', u'undi', u'spr', u'nilai', u'belanja', u'china', u'wanita', u'khusus']","[u'ddec', u'belanja', u'undi', u'bajet', u'laksana', u'daftar', u'spr', u'audit', u'china', u'kerusi']","[u'ddec', u'china', u'daftar', u'laksana', u'undi', u'spr', u'kerusi', u'asean', u'belanja', u'bajet']","[u'ddec', u'laksana', u'spr', u'belanja', u'daftar', u'undi', u'china', u'bajet', u'tuju', u'sabah']","[u'ddec', u'belanja', u'bajet', u'laksana', u'sekolah', u'daftar', u'china', u'sabah', u'khusus', u'rasa']","[u'ddec', u'belanja', u'bajet', u'laksana', u'miskin', u'sabah', u'bayar', u'ajar', u'patut', u'undi']","[u'ddec', u'undi', u'daftar', u'spr', u'laksana', u'sabah', u'china', u'belanja', u'masing', u'kerusi']"
"[u'ddec', u'ajar', u'shah', u'sekolah', u'guru', u'jelas', u'the', u'bajet', u'is', u'diri']","[u'ddec', u'ajar', u'bangsa', u'shah', u'sekolah', u'diri', u'guru', u'tuju', u'jelas', u'bajet']","[u'ddec', u'sekolah', u'ajar', u'guru', u'the', u'shah', u'bangsa', u'is', u'keluarga', u'diri']","[u'ddec', u'guru', u'sekolah', u'laksana', u'libat', u'tuju', u'ajar', u'jelas', u'bajet', u'asean']","[u'ddec', u'shah', u'sekolah', u'bajet', u'indonesia', u'laksana', u'guru', u'ajar', u'bangsa', u'jelas']","[u'ddec', u'bajet', u'shah', u'gst', u'laksana', u'cukai', u'sekolah', u'guru', u'ajar', u'asean']","[u'ddec', u'sekolah', u'bajet', u'guru', u'laksana', u'ajar', u'gst', u'shah', u'bangsa', u'nilai']","[u'ddec', u'bangsa', u'shah', u'guru', u'sekolah', u'ajar', u'tuju', u'diri', u'peguam', u'jelas']","[u'ddec', u'sekolah', u'bajet', u'guru', u'shah', u'ajar', u'laksana', u'gst', u'jelas', u'cukai']","[u'ddec', u'guru', u'sekolah', u'bajet', u'ajar', u'gst', u'cukai', u'laksana', u'bayar', u'bangsa']","[u'ddec', u'bajet', u'sekolah', u'ajar', u'gst', u'guru', u'laksana', u'cukai', u'keluarga', u'shah']","[u'ddec', u'bajet', u'laksana', u'gst', u'sekolah', u'shah', u'ajar', u'guru', u'tani', u'subsidi']","[u'ddec', u'sekolah', u'guru', u'bangsa', u'ajar', u'tuju', u'jelas', u'gst', u'cukai', u'shah']","[u'ddec', u'sekolah', u'guru', u'laksana', u'bajet', u'gst', u'nilai', u'ajar', u'libat', u'keluarga']","[u'ddec', u'bajet', u'shah', u'tuju', u'1mdb', u'libat', u'laksana', u'jelas', u'sekolah', u'ikan']","[u'ddec', u'sekolah', u'bajet', u'laksana', u'ajar', u'asean', u'guru', u'the', u'shah', u'rancang']","[u'ddec', u'shah', u'cukai', u'gst', u'bajet', u'laksana', u'ikan', u'jelas', u'guru', u'libat']","[u'ddec', u'sekolah', u'guru', u'bajet', u'ajar', u'laksana', u'gst', u'bayar', u'cukai', u'memang']","[u'ddec', u'bajet', u'gst', u'cukai', u'sekolah', u'ajar', u'shah', u'subsidi', u'laksana', u'bayar']","[u'ddec', u'sekolah', u'shah', u'guru', u'ajar', u'libat', u'laksana', u'jelas', u'bangsa', u'ikan']"
"[u'ddec', u'the', u'tuju', u'of', u'gaji', u'minimum', u'bayar', u'suruhanjaya', u'and', u'majikan']","[u'ddec', u'suruhanjaya', u'tuju', u'the', u'al', u'adu', u'oic', u'mesir', u'rasa', u'wujud']","[u'ddec', u'the', u'suruhanjaya', u'of', u'tuju', u'adu', u'and', u'rasa', u'minimum', u'gaji']","[u'ddec', u'gas', u'the', u'tuju', u'laksana', u'adu', u'suruhanjaya', u'esscom', u'minimum', u'wujud']","[u'ddec', u'suruhanjaya', u'adu', u'the', u'laksana', u'tuju', u'esscom', u'glc', u'wujud', u'rasa']","[u'ddec', u'laksana', u'bayar', u'gas', u'nilai', u'tuju', u'bajet', u'gaji', u'the', u'glc']","[u'ddec', u'insentif', u'laksana', u'gas', u'tuju', u'miti', u'nilai', u'gaji', u'bayar', u'bajet']","[u'ddec', u'tuju', u'suruhanjaya', u'the', u'rasa', u'batu', u'kaum', u'prinsip', u'adu', u'cakap']","[u'ddec', u'bayar', u'insentif', u'tuju', u'the', u'free', u'suruhanjaya', u'gaji', u'gas', u'minimum']","[u'ddec', u'bayar', u'gas', u'gaji', u'insentif', u'the', u'nilai', u'laksana', u'glc', u'tuju']","[u'ddec', u'gas', u'insentif', u'bayar', u'laksana', u'bajet', u'nilai', u'glc', u'subsidi', u'infrastruktur']","[u'ddec', u'gas', u'laksana', u'bajet', u'subsidi', u'insentif', u'bekal', u'bayar', u'nilai', u'gaji']","[u'ddec', u'tuju', u'gas', u'the', u'minimum', u'suruhanjaya', u'gaji', u'laksana', u'nombor', u'adu']","[u'ddec', u'laksana', u'suruhanjaya', u'the', u'nilai', u'gaji', u'adu', u'minimum', u'tuju', u'insentif']","[u'ddec', u'suruhanjaya', u'tuju', u'glc', u'the', u'gas', u'adu', u'laksana', u'bayar', u'had']","[u'ddec', u'the', u'gas', u'suruhanjaya', u'insentif', u'bayar', u'tuju', u'free', u'gaji', u'nilai']","[u'ddec', u'tuju', u'suruhanjaya', u'gas', u'the', u'bayar', u'insentif', u'laksana', u'gaji', u'sedikit']","[u'ddec', u'insentif', u'gas', u'bayar', u'gaji', u'subsidi', u'laksana', u'infrastruktur', u'nilai', u'free']","[u'ddec', u'gas', u'subsidi', u'insentif', u'bayar', u'glc', u'bekal', u'laksana', u'bajet', u'gaji']","[u'ddec', u'suruhanjaya', u'gas', u'tuju', u'laksana', u'gaji', u'adu', u'insentif', u'minimum', u'esscom']"
"[u'ddec', u'of', u'the', u'minimum', u'jelas', u'to', u'bangkit', u'gaji', u'cakap', u'rasa']","[u'ddec', u'hak', u'bebas', u'bangkit', u'laksana', u'sprm', u'of', u'jelas', u'diri', u'cakap']","[u'ddec', u'of', u'the', u'sprm', u'bangkit', u'to', u'hakim', u'rasa', u'with', u'ibu']","[u'ddec', u'laksana', u'bangkit', u'libat', u'khusus', u'insentif', u'of', u'industri', u'seragam', u'gas']","[u'ddec', u'laksana', u'bangkit', u'rancang', u'kilang', u'libat', u'sprm', u'khusus', u'memang', u'sampai']","[u'ddec', u'laksana', u'kilang', u'bangkit', u'cukai', u'kedai', u'khusus', u'insentif', u'selangor', u'sampai']","[u'ddec', u'laksana', u'insentif', u'industri', u'bangkit', u'kedai', u'kilang', u'memang', u'rancang', u'khusus']","[u'ddec', u'hak', u'bebas', u'sprm', u'cakap', u'bangkit', u'of', u'rasa', u'diri', u'jelas']","[u'ddec', u'insentif', u'bangkit', u'kedai', u'laksana', u'kilang', u'industri', u'libat', u'khusus', u'seragam']","[u'ddec', u'insentif', u'laksana', u'kilang', u'cukai', u'industri', u'bangkit', u'gaji', u'barang', u'subsidi']","[u'ddec', u'laksana', u'insentif', u'subsidi', u'gas', u'industri', u'kedai', u'bangkit', u'khusus', u'kilang']","[u'ddec', u'laksana', u'kedai', u'subsidi', u'industri', u'kilang', u'insentif', u'barang', u'khusus', u'selangor']","[u'ddec', u'laksana', u'kedai', u'barang', u'cukai', u'gas', u'seragam', u'of', u'bangkit', u'tetap']","[u'ddec', u'laksana', u'insentif', u'kedai', u'khusus', u'seragam', u'libat', u'bangkit', u'minimum', u'milik']","[u'ddec', u'bangkit', u'laksana', u'libat', u'rancang', u'jelas', u'milik', u'industri', u'khusus', u'insentif']","[u'ddec', u'laksana', u'kilang', u'bangkit', u'industri', u'insentif', u'rancang', u'gas', u'memang', u'libat']","[u'ddec', u'kilang', u'cukai', u'laksana', u'bangkit', u'insentif', u'jelas', u'barang', u'gas', u'subsidi']","[u'ddec', u'insentif', u'kedai', u'kilang', u'laksana', u'industri', u'subsidi', u'gas', u'bangkit', u'sekolah']","[u'ddec', u'kedai', u'subsidi', u'insentif', u'barang', u'gas', u'cukai', u'laksana', u'industri', u'kilang']","[u'ddec', u'laksana', u'bangkit', u'libat', u'sprm', u'kedai', u'khusus', u'jelas', u'insentif', u'seragam']"
"[u'ddec', u'you', u'lembaga', u'pakai', u'of', u'the', u'jenayah', u'makna', u'tuju', u'hukum']","[u'ddec', u'jenayah', u'lembaga', u'tuju', u'siasat', u'pakai', u'bebas', u'syariah', u'agama', u'makna']","[u'ddec', u'jenayah', u'hukum', u'the', u'kanak', u'seksual', u'you', u'of', u'siasat', u'syariah']","[u'ddec', u'empang', u'tuju', u'pakai', u'memang', u'jenayah', u'sukan', u'laksana', u'belia', u'asean']","[u'ddec', u'empang', u'pahang', u'memang', u'rancang', u'rawat', u'laksana', u'you', u'tumpu', u'tuju']","[u'ddec', u'empang', u'memang', u'laksana', u'sabah', u'tumpu', u'pahang', u'belia', u'makna', u'bentuk']","[u'ddec', u'empang', u'memang', u'laksana', u'rancang', u'tumpu', u'bekal', u'tuju', u'bentuk', u'sukan']","[u'ddec', u'jenayah', u'lembaga', u'fasal', u'tuju', u'hukum', u'siasat', u'bebas', u'tuduh', u'pakai']","[u'ddec', u'empang', u'memang', u'belia', u'tuju', u'pakai', u'you', u'saing', u'the', u'is']","[u'ddec', u'empang', u'saing', u'belia', u'sukan', u'tumpu', u'bekal', u'memang', u'tuju', u'tentu']","[u'ddec', u'empang', u'saing', u'rancang', u'bajet', u'tumpu', u'memang', u'b40', u'pahang', u'bekal']","[u'ddec', u'empang', u'laksana', u'pahang', u'rancang', u'sabah', u'tumpu', u'belia', u'memang', u'bekal']","[u'ddec', u'jenayah', u'tuju', u'pakai', u'empang', u'memang', u'the', u'syariah', u'is', u'you']","[u'ddec', u'empang', u'saing', u'belia', u'laksana', u'g', u'memang', u'syariah', u'jenayah', u'rancang']","[u'ddec', u'empang', u'rancang', u'tuju', u'memang', u'pakai', u'belia', u'sentuh', u'laksana', u'bentuk']","[u'ddec', u'empang', u'memang', u'bekal', u'rancang', u'tentu', u'laksana', u'saing', u'tuju', u'pakai']","[u'ddec', u'tuju', u'empang', u'memang', u'makna', u'jenayah', u'you', u'pakai', u'tentu', u'lembaga']","[u'ddec', u'empang', u'bekal', u'pahang', u'memang', u'infrastruktur', u'laksana', u'rancang', u'sarawak', u'sabah']","[u'ddec', u'empang', u'saing', u'b40', u'bekal', u'kedai', u'gst', u'memang', u'kr1', u'bajet']","[u'ddec', u'empang', u'belia', u'g', u'tuju', u'memang', u'jenayah', u'masing', u'pahang', u'laksana']"
"[u'ddec', u'kanak', u'the', u'peguam', u'of', u'seksual', u'to', u'fasal', u'or', u'hukum']","[u'ddec', u'kanak', u'suruhanjaya', u'seksual', u'bahasa', u'peguam', u'lembaga', u'the', u'islam', u'gubal']","[u'ddec', u'kanak', u'seksual', u'the', u'pornografi', u'hukum', u'child', u'jenayah', u'or', u'sexual']","[u'ddec', u'kanak', u'the', u'libat', u'suruhanjaya', u'seksual', u'of', u'jelas', u'peguam', u'tuju']","[u'ddec', u'kanak', u'libat', u'tengok', u'seksual', u'harus', u'jelas', u'suruhanjaya', u'the', u'kaji']","[u'ddec', u'harus', u'kanak', u'kutip', u'the', u'libat', u'jelas', u'laksana', u'cukai', u'bahasa']","[u'ddec', u'laksana', u'kanak', u'libat', u'koperasi', u'bajet', u'jelas', u'memang', u'tengok', u'bangkit']","[u'ddec', u'kanak', u'seksual', u'peguam', u'jenayah', u'hukum', u'tuduh', u'fasal', u'the', u'gubal']","[u'ddec', u'kanak', u'the', u'koperasi', u'libat', u'suruhanjaya', u'jelas', u'of', u'kaji', u'to']","[u'ddec', u'kanak', u'koperasi', u'the', u'data', u'harus', u'suruhanjaya', u'libat', u'latih', u'tentu']","[u'ddec', u'bajet', u'miskin', u'harus', u'koperasi', u'tengok', u'kaya', u'belanja', u'sarawak', u'oku']","[u'ddec', u'bajet', u'laksana', u'sarawak', u'tengok', u'miskin', u'jauh', u'kaji', u'sekolah', u'sekitar']","[u'ddec', u'kanak', u'the', u'seksual', u'in', u'of', u'suruhanjaya', u'and', u'or', u'libat']","[u'ddec', u'kanak', u'koperasi', u'seksual', u'data', u'suruhanjaya', u'libat', u'the', u'oku', u'laksana']","[u'ddec', u'kanak', u'suruhanjaya', u'seksual', u'jelas', u'libat', u'the', u'harus', u'bahas', u'koperasi']","[u'ddec', u'suruhanjaya', u'the', u'libat', u'koperasi', u'kanak', u'kaji', u'of', u'jelas', u'laksana']","[u'ddec', u'jelas', u'the', u'kanak', u'suruhanjaya', u'libat', u'tuju', u'of', u'lembaga', u'tentu']","[u'ddec', u'sarawak', u'kanak', u'koperasi', u'oku', u'the', u'data', u'kaji', u'laksana', u'memang']","[u'ddec', u'cukai', u'bajet', u'kutip', u'miskin', u'laksana', u'koperasi', u'tengok', u'belanja', u'bayar']","[u'ddec', u'kanak', u'suruhanjaya', u'libat', u'jelas', u'seksual', u'the', u'koperasi', u'agens', u'harus']"
"[u'ddec', u'peguam', u'syariah', u'amal', u'hakim', u'islam', u'legal', u'ubat', u'guam', u'ajar']","[u'ddec', u'peguam', u'amal', u'islam', u'syariah', u'agama', u'hasut', u'sejarah', u'hakim', u'ubat']","[u'ddec', u'peguam', u'syariah', u'kanak', u'hakim', u'hukum', u'islam', u'jenayah', u'sejarah', u'the']","[u'ddec', u'peguam', u'syariah', u'ubat', u'amal', u'tuju', u'sakit', u'islam', u'libat', u'badan']","[u'ddec', u'sejarah', u'amal', u'budaya', u'waris', u'ubat', u'islam', u'tinggal', u'syariah', u'sakit']","[u'ddec', u'amal', u'sejarah', u'ubat', u'derma', u'sakit', u'nilai', u'pulau', u'islam', u'tinggal']","[u'ddec', u'ubat', u'amal', u'ajar', u'sejarah', u'nilai', u'rancang', u'promosi', u'budaya', u'laksana']","[u'ddec', u'peguam', u'hasut', u'hakim', u'amal', u'syariah', u'islam', u'sejarah', u'tafsir', u'dakwa']","[u'ddec', u'ubat', u'peguam', u'promosi', u'syariah', u'waris', u'tuju', u'amal', u'kwsp', u'sakit']","[u'ddec', u'ubat', u'amal', u'nilai', u'alit', u'waris', u'ajar', u'bayar', u'sejarah', u'kwsp']","[u'ddec', u'ubat', u'sejarah', u'waris', u'nilai', u'amal', u'tinggal', u'ajar', u'bayar', u'jauh']","[u'ddec', u'sejarah', u'jauh', u'ubat', u'rancang', u'ajar', u'tinggal', u'pulau', u'laksana', u'budaya']","[u'ddec', u'peguam', u'syariah', u'amal', u'islam', u'ubat', u'tuju', u'kwsp', u'sejarah', u'waris']","[u'ddec', u'ubat', u'amal', u'syariah', u'sakit', u'kwsp', u'waris', u'islam', u'wanita', u'budaya']","[u'ddec', u'amal', u'syariah', u'islam', u'1mdb', u'rasa', u'sejarah', u'peguam', u'kwsp', u'nilai']","[u'ddec', u'ubat', u'nilai', u'bayar', u'pulau', u'1mdb', u'amal', u'rancang', u'ajar', u'doktor']","[u'ddec', u'ubat', u'amal', u'peguam', u'shah', u'syariah', u'tuju', u'bayar', u'sejarah', u'tentu']","[u'ddec', u'ubat', u'sakit', u'bayar', u'promosi', u'nilai', u'rancang', u'alit', u'hospital', u'sewa']","[u'ddec', u'ubat', u'amal', u'gst', u'bayar', u'nilai', u'belanja', u'pulau', u'jauh', u'sejarah']","[u'ddec', u'amal', u'syariah', u'pulau', u'sejarah', u'islam', u'ajar', u'tuju', u'ubat', u'peguam']"
"[u'ddec', u'dakwa', u'jelas', u'anggap', u'tuduh', u'hukum', u'bicara', u'munasabah', u'of', u'tuju']","[u'ddec', u'dakwa', u'tuduh', u'agama', u'anggap', u'hukum', u'siasat', u'hak', u'jelas', u'bebas']","[u'ddec', u'dakwa', u'hukum', u'bicara', u'jenayah', u'penjara', u'tuduh', u'criminal', u'siasat', u'anggap']","[u'ddec', u'laksana', u'tuju', u'jelas', u'bangkit', u'libat', u'memang', u'sabah', u'bincang', u'dakwa']","[u'ddec', u'banjir', u'laksana', u'sabah', u'memang', u'pantai', u'jelas', u'bangkit', u'landas', u'sarawak']","[u'ddec', u'laksana', u'sabah', u'kaya', u'kilang', u'sarawak', u'banjir', u'memang', u'kaji', u'pantai']","[u'ddec', u'laksana', u'memang', u'bangkit', u'sabah', u'rancang', u'tapak', u'sarawak', u'kilang', u'sentuh']","[u'ddec', u'dakwa', u'tuduh', u'hukum', u'jenayah', u'bicara', u'anggap', u'hak', u'tangkap', u'penjara']","[u'ddec', u'laksana', u'bangkit', u'memang', u'jelas', u'spad', u'tuju', u'kaji', u'libat', u'sabah']","[u'ddec', u'laksana', u'alit', u'kilang', u'sabah', u'barang', u'sentuh', u'kaji', u'memang', u'bangkit']","[u'ddec', u'kaya', u'laksana', u'bajet', u'sabah', u'sarawak', u'kilang', u'barang', u'gst', u'alit']","[u'ddec', u'laksana', u'sabah', u'bajet', u'banjir', u'kaya', u'sarawak', u'kilang', u'labuh', u'rancang']","[u'ddec', u'tuju', u'dakwa', u'jelas', u'hukum', u'anggap', u'memang', u'laksana', u'barang', u'rasa']","[u'ddec', u'laksana', u'sabah', u'memang', u'jelas', u'sarawak', u'libat', u'banjir', u'periksa', u'sentuh']","[u'ddec', u'laksana', u'jelas', u'banjir', u'bangkit', u'sentuh', u'sabah', u'libat', u'landas', u'memang']","[u'ddec', u'laksana', u'sabah', u'memang', u'kilang', u'kontraktor', u'sarawak', u'bangkit', u'jelas', u'banjir']","[u'ddec', u'jelas', u'shah', u'tuju', u'munasabah', u'laksana', u'memang', u'dakwa', u'bangkit', u'barang']","[u'ddec', u'laksana', u'kilang', u'sabah', u'memang', u'sarawak', u'kontraktor', u'alit', u'getah', u'banjir']","[u'ddec', u'kaya', u'gst', u'barang', u'laksana', u'bajet', u'cukai', u'sabah', u'sarawak', u'minyak']","[u'ddec', u'laksana', u'jelas', u'bangkit', u'sabah', u'tuju', u'libat', u'sedikit', u'kaji', u'memang']"
"[u'ddec', u'hakim', u'peguam', u'tuduh', u'of', u'is', u'bicara', u'the', u'clause', u'tangkap']","[u'ddec', u'hakim', u'siasat', u'tuduh', u'tangkap', u'tahan', u'peguam', u'jenayah', u'bicara', u'dakwa']","[u'ddec', u'hakim', u'jenayah', u'hukum', u'siasat', u'child', u'bicara', u'tangkap', u'tuduh', u'ganas']","[u'ddec', u'tuju', u'bangkit', u'laut', u'siasat', u'libat', u'convention', u'sabah', u'kapal', u'tentu']","[u'ddec', u'laut', u'sabah', u'jambat', u'jkr', u'bangkit', u'biasa', u'memang', u'pantai', u'tuju']","[u'ddec', u'tol', u'sabah', u'laut', u'jambat', u'pantai', u'belanja', u'laksana', u'jkr', u'bangkit']","[u'ddec', u'jkr', u'laut', u'selenggara', u'tol', u'jambat', u'tapak', u'bangkit', u'memang', u'laksana']","[u'ddec', u'hakim', u'tuduh', u'jenayah', u'tahan', u'bicara', u'peguam', u'dakwa', u'tangkap', u'ganas']","[u'ddec', u'tol', u'tuju', u'laut', u'bangkit', u'pandu', u'kapal', u'kemudian', u'libat', u'memang']","[u'ddec', u'belanja', u'laut', u'tuju', u'bangkit', u'kapal', u'tentu', u'biasa', u'sabah', u'pandu']","[u'ddec', u'belanja', u'sabah', u'laut', u'jambat', u'kapal', u'pantai', u'jauh', u'tol', u'laksana']","[u'ddec', u'jambat', u'tol', u'jkr', u'sabah', u'laut', u'selenggara', u'highway', u'taraf', u'kapal']","[u'ddec', u'tuju', u'siasat', u'dadah', u'hakim', u'clause', u'the', u'convention', u'is', u'in']","[u'ddec', u'laut', u'pandu', u'tuju', u'laksana', u'sabah', u'libat', u'bangkit', u'agens', u'memang']","[u'ddec', u'laut', u'jambat', u'bangkit', u'tuju', u'tol', u'sabah', u'biasa', u'libat', u'kapal']","[u'ddec', u'jkr', u'selenggara', u'kapal', u'bangkit', u'jambat', u'sabah', u'tol', u'laut', u'runtuh']","[u'ddec', u'tol', u'tuju', u'kapal', u'biasa', u'siasat', u'bangkit', u'laut', u'tangkap', u'tentu']","[u'ddec', u'selenggara', u'jkr', u'jambat', u'tol', u'laut', u'sabah', u'kapal', u'belanja', u'angkut']","[u'ddec', u'belanja', u'tol', u'sabah', u'jambat', u'selenggara', u'bayar', u'subsidi', u'laksana', u'angkut']","[u'ddec', u'laut', u'tuju', u'bangkit', u'kapal', u'libat', u'sabah', u'siasat', u'tol', u'agens']"
"[u'ddec', u'fasal', u'law', u'undang', u'of', u'the', u'hakim', u'hasut', u'dakwa', u'lembaga']","[u'ddec', u'hasut', u'zalim', u'dakwa', u'bebas', u'hak', u'hakim', u'tuduh', u'lembaga', u'jenayah']","[u'ddec', u'kanak', u'fasal', u'law', u'undang', u'seksual', u'hukum', u'jenayah', u'hakim', u'perkahwinan']","[u'ddec', u'tuju', u'kanak', u'of', u'hospital', u'laksana', u'muka', u'the', u'memang', u'fasal']","[u'ddec', u'hospital', u'laksana', u'batu', u'memang', u'taraf', u'jerebu', u'tuju', u'jaga', u'bersih']","[u'ddec', u'laksana', u'hospital', u'bajet', u'gaji', u'muda', u'gst', u'memang', u'sarawak', u'golong']","[u'ddec', u'hospital', u'laksana', u'memang', u'taraf', u'jerebu', u'sekolah', u'bajet', u'batu', u'muda']","[u'ddec', u'hasut', u'dakwa', u'undang', u'tuduh', u'fasal', u'kanak', u'jenayah', u'hakim', u'sosma']","[u'ddec', u'tuju', u'memang', u'laksana', u'hospital', u'muda', u'gaji', u'batu', u'tentu', u'hotel']","[u'ddec', u'gaji', u'laksana', u'hospital', u'anggur', u'muda', u'hutang', u'golong', u'belanja', u'tuju']","[u'ddec', u'bajet', u'hospital', u'hutang', u'golong', u'belanja', u'laksana', u'gaji', u'miskin', u'anggur']","[u'ddec', u'hospital', u'bajet', u'taraf', u'laksana', u'aminah', u'gaji', u'muda', u'golong', u'sarawak']","[u'ddec', u'fasal', u'kanak', u'tuju', u'undang', u'of', u'the', u'muka', u'jenayah', u'law']","[u'ddec', u'laksana', u'kanak', u'hospital', u'muda', u'gaji', u'tuju', u'memang', u'golong', u'sakit']","[u'ddec', u'laksana', u'tuju', u'hospital', u'memang', u'libat', u'sentuh', u'batu', u'tentu', u'cakap']","[u'ddec', u'laksana', u'hospital', u'gaji', u'memang', u'tuju', u'taraf', u'hotel', u'tentu', u'swasta']","[u'ddec', u'tuju', u'batu', u'makna', u'memang', u'shah', u'cakap', u'tentu', u'hospital', u'fasal']","[u'ddec', u'hospital', u'taraf', u'laksana', u'bekal', u'memang', u'aminah', u'sakit', u'sekolah', u'bajet']","[u'ddec', u'bajet', u'gst', u'hutang', u'belanja', u'laksana', u'barang', u'hospital', u'minyak', u'subsidi']","[u'ddec', u'batu', u'laksana', u'tuju', u'libat', u'memang', u'daftar', u'jelas', u'tentu', u'muda']"
"[u'ddec', u'peguam', u'subseksyen', u'fasal', u'hakim', u'l', u'of', u'the', u'hasut', u'sub']","[u'ddec', u'hasut', u'bebas', u'peguam', u'hukum', u'jenayah', u'tahan', u'hakim', u'penjara', u'tuduh']","[u'ddec', u'subseksyen', u'fasal', u'keseksaan', u'hukum', u'l', u'jenayah', u'penjara', u'peguam', u'hakim']","[u'ddec', u'subseksyen', u'the', u'tuju', u'of', u'jelas', u'empang', u'bomba', u'peguam', u'memang']","[u'ddec', u'empang', u'sungai', u'asli', u'jelas', u'sekitar', u'memang', u'dahulu', u'ikan', u'harus']","[u'ddec', u'gst', u'empang', u'defisit', u'padi', u'bajet', u'harus', u'belia', u'laksana', u'nilai']","[u'ddec', u'empang', u'gst', u'laksana', u'sukan', u'memang', u'industri', u'belia', u'bekal', u'penuh']","[u'ddec', u'hasut', u'peguam', u'tuduh', u'keseksaan', u'hakim', u'jenayah', u'cabul', u'bebas', u'liwat']","[u'ddec', u'sukan', u'empang', u'industri', u'jelas', u'belia', u'memang', u'ikan', u'tuju', u'padi']","[u'ddec', u'gst', u'nilai', u'1mdb', u'empang', u'belia', u'defisit', u'hutang', u'sukan', u'bekal']","[u'ddec', u'defisit', u'bajet', u'hutang', u'gst', u'b40', u'krisis', u'1mdb', u'hidup', u'belanja']","[u'ddec', u'bajet', u'gst', u'11', u'defisit', u'rmke', u'padi', u'empang', u'tani', u'belia']","[u'ddec', u'subseksyen', u'fasal', u'peguam', u'penjara', u'dadah', u'tuju', u'the', u'jenayah', u'of']","[u'ddec', u'belia', u'gst', u'laksana', u'daftar', u'wanita', u'jelas', u'asli', u'empang', u'memang']","[u'ddec', u'1mdb', u'jelas', u'empang', u'cakap', u'habis', u'tuju', u'memang', u'banjir', u'bekal']","[u'ddec', u'empang', u'industri', u'1mdb', u'sukan', u'memang', u'nilai', u'tani', u'gas', u'belia']","[u'ddec', u'jelas', u'tuju', u'cakap', u'the', u'memang', u'sub', u'of', u'makna', u'shah']","[u'ddec', u'empang', u'bekal', u'padi', u'gas', u'tani', u'elektrik', u'sungai', u'gst', u'industri']","[u'ddec', u'gst', u'defisit', u'bajet', u'hutang', u'cukai', u'rm39', u'belanja', u'gas', u'minyak']","[u'ddec', u'jelas', u'belia', u'daftar', u'kaji', u'ikan', u'tuju', u'empang', u'harus', u'habis']"
"[u'ddec', u'fasal', u'lembaga', u'sosma', u'kanun', u'jenayah', u'penjara', u'peguam', u'tuduh', u'hukum']","[u'ddec', u'jenayah', u'penjara', u'lembaga', u'kanun', u'hukum', u'tuduh', u'sosma', u'fasal', u'peguam']","[u'ddec', u'jenayah', u'fasal', u'penjara', u'kanun', u'keseksaan', u'sosma', u'hukum', u'sabit', u'pesa']","[u'ddec', u'libat', u'lembaga', u'kanun', u'jenayah', u'fasal', u'penjara', u'of', u'tuju', u'the']","[u'ddec', u'lembaga', u'libat', u'kemudian', u'selangor', u'river', u'timbul', u'hutan', u'jaga', u'memang']","[u'ddec', u'kutip', u'bohong', u'selangor', u'laksana', u'kemudian', u'jambat', u'1mdb', u'rasuah', u'sarawak']","[u'ddec', u'laksana', u'libat', u'kutip', u'sekolah', u'memang', u'kuala', u'jambat', u'lumpur', u'taraf']","[u'ddec', u'jenayah', u'sosma', u'tuduh', u'keseksaan', u'kanun', u'penjara', u'hasut', u'fasal', u'hukum']","[u'ddec', u'libat', u'lembaga', u'kemudian', u'kutip', u'tentu', u'tulis', u'fasal', u'memang', u'tuju']","[u'ddec', u'kutip', u'1mdb', u'kemudian', u'bayar', u'laksana', u'cukai', u'lembaga', u'fund', u'belanja']","[u'ddec', u'bajet', u'kutip', u'belanja', u'selangor', u'1mdb', u'hidup', u'berbilion', u'kaya', u'kemudian']","[u'ddec', u'bajet', u'jambat', u'selangor', u'taraf', u'kuala', u'kutip', u'lumpur', u'laksana', u'sarawak']","[u'ddec', u'jenayah', u'fasal', u'penjara', u'lembaga', u'kanun', u'sosma', u'libat', u'hukum', u'dadah']","[u'ddec', u'libat', u'lembaga', u'laksana', u'pulih', u'jenayah', u'kutip', u'agens', u'kemudian', u'penjara']","[u'ddec', u'libat', u'lembaga', u'1mdb', u'kemudian', u'selangor', u'bayan', u'timbul', u'tentu', u'sekira']","[u'ddec', u'libat', u'kemudian', u'miti', u'agens', u'fund', u'laksana', u'memang', u'bayan', u'selangor']","[u'ddec', u'lembaga', u'libat', u'fasal', u'kemudian', u'tentu', u'jenayah', u'makna', u'penjara', u'of']","[u'ddec', u'baja', u'kuala', u'jambat', u'lumpur', u'kutip', u'selenggara', u'tani', u'selangor', u'kemudian']","[u'ddec', u'kutip', u'cukai', u'belanja', u'gst', u'bajet', u'minyak', u'bayar', u'subsidi', u'laksana']","[u'ddec', u'libat', u'lembaga', u'agens', u'jenayah', u'kemudian', u'laksana', u'selangor', u'tentu', u'bayan']"
"[u'ddec', u'fasal', u'peguam', u'hukum', u'sosma', u'perintah', u'hakim', u'majistret', u'of', u'subseksyen']","[u'ddec', u'hukum', u'mati', u'siasat', u'tuduh', u'peguam', u'perintah', u'hasut', u'jenayah', u'islam']","[u'ddec', u'hukum', u'fasal', u'sosma', u'jenayah', u'subseksyen', u'majistret', u'mati', u'suspek', u'ganas']","[u'ddec', u'mati', u'tuju', u'so', u'libat', u'of', u'the', u'siasat', u'pandu', u'tetap']","[u'ddec', u'mati', u'selangor', u'jaga', u'tuju', u'ingat', u'sabah', u'kaji', u'subsidi', u'khusus']","[u'ddec', u'subsidi', u'gst', u'minyak', u'bajet', u'selangor', u'bayar', u'rasuah', u'sabah', u'kaya']","[u'ddec', u'sasar', u'subsidi', u'laksana', u'bajet', u'kaji', u'khusus', u'memang', u'selangor', u'insentif']","[u'ddec', u'sosma', u'hukum', u'hasut', u'tuduh', u'jenayah', u'peguam', u'suspek', u'ganas', u'dakwa']","[u'ddec', u'insentif', u'tuju', u'bayar', u'pandu', u'so', u'subsidi', u'mati', u'memang', u'bangkit']","[u'ddec', u'subsidi', u'bayar', u'insentif', u'hutang', u'gaji', u'sasar', u'bajet', u'belanja', u'kdnk']","[u'ddec', u'subsidi', u'bajet', u'hutang', u'sasar', u'kdnk', u'kaya', u'minyak', u'belanja', u'selangor']","[u'ddec', u'subsidi', u'bajet', u'selangor', u'minyak', u'sasar', u'kaya', u'rmke', u'sabah', u'borneo']","[u'ddec', u'mati', u'hukum', u'fasal', u'tuju', u'siasat', u'perintah', u'of', u'kertas', u'subseksyen']","[u'ddec', u'mati', u'tuju', u'jaga', u'institusi', u'sasar', u'libat', u'khusus', u'laksana', u'selangor']","[u'ddec', u'mati', u'selangor', u'tuju', u'jelas', u'subsidi', u'libat', u'bayar', u'sampai', u'siasat']","[u'ddec', u'selangor', u'kpkt', u'bayar', u'tuju', u'insentif', u'bangkit', u'lantik', u'gaji', u'bekal']","[u'ddec', u'mati', u'tuju', u'siasat', u'jelas', u'kertas', u'makna', u'so', u'the', u'terang']","[u'ddec', u'subsidi', u'insentif', u'bekal', u'hospital', u'bayar', u'rm1', u'minyak', u'selangor', u'project']","[u'ddec', u'subsidi', u'gst', u'minyak', u'bajet', u'kdnk', u'hutang', u'kaya', u'belanja', u'bayar']","[u'ddec', u'mati', u'tuju', u'subsidi', u'libat', u'kaji', u'selangor', u'jelas', u'hal', u'siasat']"
"[u'ddec', u'fasal', u'peguam', u'undang', u'board', u'of', u'act', u'inquiry', u'law', u'subseksyen']","[u'ddec', u'peguam', u'fasal', u'hasut', u'inquiry', u'tuduh', u'jenayah', u'bebas', u'undang', u'bicara']","[u'ddec', u'fasal', u'undang', u'child', u'173a', u'inquiry', u'subseksyen', u'peguam', u'law', u'act']","[u'ddec', u'bomba', u'pbt', u'timbang', u'of', u'fasal', u'kapal', u'atm', u'the', u'balai']","[u'ddec', u'sungai', u'bomba', u'sampah', u'laut', u'kuala', u'timbang', u'sekitar', u'lumpur', u'bukit']","[u'ddec', u'sampah', u'bumi', u'gst', u'kuala', u'belanja', u'sarawak', u'infrastruktur', u'lumpur', u'timbang']","[u'ddec', u'bomba', u'pbt', u'sampah', u'taraf', u'sekolah', u'rancang', u'kuala', u'sungai', u'timbang']","[u'ddec', u'peguam', u'hasut', u'inquiry', u'tuduh', u'undang', u'fasal', u'jenayah', u'bicara', u'1948']","[u'ddec', u'pbt', u'kapal', u'bomba', u'tourism', u'timbang', u'lumpur', u'sewa', u'skim', u'of']","[u'ddec', u'bayar', u'bomba', u'timbang', u'belanja', u'taraf', u'alit', u'swasta', u'sekolah', u'pbt']","[u'ddec', u'bajet', u'belanja', u'hidup', u'bumi', u'boros', u'krisis', u'gst', u'kapal', u'defisit']","[u'ddec', u'bomba', u'taraf', u'bajet', u'bumi', u'kuala', u'sampah', u'lumpur', u'hospital', u'rancang']","[u'ddec', u'fasal', u'of', u'subseksyen', u'undang', u'peguam', u'inquiry', u'to', u'the', u'any']","[u'ddec', u'infrastruktur', u'lumpur', u'hidup', u'pbt', u'oku', u'kuala', u'inisiatif', u'atm', u'taraf']","[u'ddec', u'bomba', u'laut', u'kapal', u'pbt', u'timbang', u'bumi', u'kota', u'jelas', u'sungai']","[u'ddec', u'bomba', u'pbt', u'kuala', u'lumpur', u'timbang', u'kapal', u'incinerator', u'sampah', u'swasta']","[u'ddec', u'kapal', u'of', u'fasal', u'timbang', u'the', u'memang', u'and', u'jelas', u'board']","[u'ddec', u'bomba', u'pbt', u'hospital', u'kuala', u'taman', u'sampah', u'bukit', u'lumpur', u'sungai']","[u'ddec', u'gst', u'bajet', u'belanja', u'minyak', u'cukai', u'bayar', u'rm39', u'hidup', u'defisit']","[u'ddec', u'pbt', u'bomba', u'timbang', u'atm', u'kapal', u'laut', u'china', u'libat', u'jelas']"
"[u'ddec', u'fasal', u'hasut', u'hakim', u'peguam', u'lembaga', u'tatacara', u'kanun', u'of', u'person']","[u'ddec', u'hasut', u'hakim', u'jenayah', u'bebas', u'hudud', u'fasal', u'peguam', u'1948', u'lembaga']","[u'ddec', u'fasal', u'41a', u'hasut', u'jenayah', u'kanun', u'hakim', u'tatacara', u'person', u'offence']","[u'ddec', u'libat', u'had', u'fasal', u'memang', u'tuju', u'bangkit', u'of', u'the', u'kanun']","[u'ddec', u'sungai', u'sabah', u'sekitar', u'banjir', u'libat', u'memang', u'bersih', u'cemar', u'laksana']","[u'ddec', u'sabah', u'gst', u'sarawak', u'laksana', u'minyak', u'patut', u'pan', u'lantan', u'belia']","[u'ddec', u'laksana', u'belia', u'memang', u'taraf', u'jkr', u'rancang', u'latih', u'sabah', u'sungai']","[u'ddec', u'hasut', u'hakim', u'1948', u'jenayah', u'peguam', u'fasal', u'kanun', u'keseksaan', u'dakwa']","[u'ddec', u'had', u'libat', u'memang', u'kedai', u'francais', u'belia', u'bangkit', u'i', u'insentif']","[u'ddec', u'belia', u'alit', u'laksana', u'had', u'insentif', u'gst', u'swasta', u'sabah', u'tani']","[u'ddec', u'bajet', u'sabah', u'minyak', u'kaya', u'belia', u'gula', u'gst', u'subsidi', u'golong']","[u'ddec', u'sabah', u'tani', u'sarawak', u'pan', u'bajet', u'taraf', u'sekitar', u'belia', u'gst']","[u'ddec', u'fasal', u'tatacara', u'kanun', u'jenayah', u'ordinan', u'libat', u'electronic', u'the', u'means']","[u'ddec', u'sabah', u'libat', u'laksana', u'serama', u'had', u'belia', u'sekitar', u'sarawak', u'memang']","[u'ddec', u'libat', u'had', u'banjir', u'sabah', u'laksana', u'jelas', u'memang', u'bayan', u'siap']","[u'ddec', u'jkr', u'memang', u'siap', u'sabah', u'tapak', u'had', u'latih', u'bangkit', u'sekitar']","[u'ddec', u'libat', u'fasal', u'jelas', u'lembaga', u'memang', u'had', u'bahas', u'dulu', u'bayan']","[u'ddec', u'tani', u'baja', u'insentif', u'sungai', u'sekitar', u'bekal', u'masak', u'selenggara', u'sabah']","[u'ddec', u'gst', u'minyak', u'subsidi', u'gula', u'kaya', u'barang', u'kedai', u'bajet', u'cukai']","[u'ddec', u'libat', u'sabah', u'had', u'memang', u'laksana', u'jelas', u'bangkit', u'serama', u'bahas']"
"[u'ddec', u'keseksaan', u'offence', u'pota', u'hukum', u'ganas', u'penjara', u'criminal', u'sosma', u'jenayah']","[u'ddec', u'keseksaan', u'hukum', u'jenayah', u'ganas', u'penjara', u'hasut', u'pota', u'isa', u'criminal']","[u'ddec', u'keseksaan', u'326a', u'penjara', u'jenayah', u'hukum', u'sebat', u'pota', u'offence', u'criminal']","[u'ddec', u'keseksaan', u'tuju', u'memang', u'penjara', u'kanun', u'laksana', u'bincang', u'kuala', u'jenayah']","[u'ddec', u'banjir', u'kuala', u'pantai', u'lumpur', u'lantan', u'laksana', u'selesai', u'sabah', u'sungai']","[u'ddec', u'lantan', u'belanja', u'laksana', u'sabah', u'banjir', u'sarawak', u'kuala', u'selesai', u'kedah']","[u'ddec', u'laksana', u'banjir', u'jkr', u'kuala', u'rancang', u'lumpur', u'selenggara', u'memang', u'sekolah']","[u'ddec', u'keseksaan', u'jenayah', u'ganas', u'pota', u'hukum', u'isa', u'penjara', u'sosma', u'nal']","[u'ddec', u'kuala', u'lumpur', u'memang', u'dbkl', u'pampas', u'lesen', u'industri', u'tuju', u'skim']","[u'ddec', u'laksana', u'belanja', u'bayar', u'sekolah', u'tani', u'memang', u'tanggung', u'subsidi', u'bajet']","[u'ddec', u'belanja', u'bajet', u'subsidi', u'minyak', u'kaya', u'defisit', u'fiskal', u'sabah', u'lantan']","[u'ddec', u'belanja', u'bajet', u'tani', u'sabah', u'lantan', u'laksana', u'kuala', u'pantai', u'selesa']","[u'ddec', u'keseksaan', u'penjara', u'jenayah', u'hukum', u'kanun', u'offence', u'326a', u'ganas', u'sebat']","[u'ddec', u'laksana', u'lumpur', u'kuala', u'sabah', u'banjir', u'memang', u'pantai', u'tuju', u'belanja']","[u'ddec', u'banjir', u'pantai', u'laksana', u'lantan', u'selesai', u'sabah', u'laut', u'ancang', u'tani']","[u'ddec', u'tender', u'jkr', u'kuala', u'lumpur', u'laksana', u'banjir', u'industri', u'memang', u'siap']","[u'ddec', u'tuju', u'memang', u'penjara', u'jelas', u'tangkap', u'hukum', u'lembaga', u'siapa', u'laksana']","[u'ddec', u'baja', u'kuala', u'selenggara', u'tani', u'lumpur', u'tender', u'jkr', u'laksana', u'bekal']","[u'ddec', u'belanja', u'subsidi', u'gst', u'bajet', u'minyak', u'barang', u'kaya', u'petrol', u'rm1']","[u'ddec', u'laksana', u'agens', u'tuju', u'memang', u'selesai', u'bincang', u'ancang', u'pantai', u'maritim']"
"[u'ddec', u'peguam', u'hakim', u'fasal', u'perintah', u'sosma', u'subseksyen', u'isa', u'of', u'bicara']","[u'ddec', u'hakim', u'tuduh', u'perintah', u'isa', u'peguam', u'jenayah', u'dakwa', u'bebas', u'tahan']","[u'ddec', u'fasal', u'kanak', u'sosma', u'isa', u'jenayah', u'witness', u'subseksyen', u'bicara', u'hakim']","[u'ddec', u'of', u'tuju', u'trade', u'the', u'tentu', u'aes', u'badan', u'laksana', u'perintah']","[u'ddec', u'lantan', u'banjir', u'laksana', u'tebat', u'sarawak', u'kuala', u'tender', u'sekitar', u'lombong']","[u'ddec', u'pakat', u'bajet', u'gst', u'bangkang', u'tiris', u'tender', u'populariti', u'lantan', u'sarawak']","[u'ddec', u'tender', u'laksana', u'bajet', u'sarawak', u'jkr', u'kuala', u'jambat', u'rancang', u'hospital']","[u'ddec', u'isa', u'hakim', u'sosma', u'peguam', u'jenayah', u'tuduh', u'bicara', u'perintah', u'tahan']","[u'ddec', u'tender', u'industri', u'trade', u'jpj', u'tol', u'memang', u'laksana', u'tentu', u'tuju']","[u'ddec', u'bajet', u'tender', u'laksana', u'tabung', u'pakat', u'harus', u'cecah', u'bentang', u'gst']","[u'ddec', u'bajet', u'tiris', u'belanjawan', u'defisit', u'pakat', u'kaya', u'populariti', u'mewah', u'cecah']","[u'ddec', u'bajet', u'tender', u'belanjawan', u'jambat', u'limau', u'tiris', u'pakat', u'gst', u'tani']","[u'ddec', u'fasal', u'of', u'perintah', u'subseksyen', u'kanak', u'jenayah', u'trade', u'sosma', u'the']","[u'ddec', u'laksana', u'perintah', u'tender', u'sarawak', u'bajet', u'kanak', u'ubat', u'sabah', u'tuju']","[u'ddec', u'tender', u'banjir', u'laksana', u'lantan', u'pakat', u'tani', u'tebat', u'cepat', u'bajet']","[u'ddec', u'tender', u'industri', u'siap', u'jkr', u'laksana', u'consultant', u'kuala', u'ecrl', u'tani']","[u'ddec', u'perintah', u'tentu', u'trade', u'tuju', u'of', u'tender', u'makna', u'kuching', u'peguam']","[u'ddec', u'tender', u'hospital', u'tani', u'tol', u'bajet', u'industri', u'sarawak', u'kuala', u'baja']","[u'ddec', u'bajet', u'gst', u'defisit', u'tiris', u'belanjawan', u'cukai', u'kaya', u'cecah', u'belanja']","[u'ddec', u'laksana', u'wujud', u'pakat', u'tentu', u'strategik', u'tuju', u'tn50', u'kaji', u'lantan']"
"[u'ddec', u'pota', u'isa', u'sosma', u'hukum', u'fasal', u'bicara', u'shall', u'law', u'person']","[u'ddec', u'hukum', u'isa', u'pota', u'jenayah', u'tuduh', u'sosma', u'ganas', u'bicara', u'asasi']","[u'ddec', u'pota', u'sosma', u'hukum', u'jenayah', u'keseksaan', u'isa', u'bicara', u'fasal', u'evidence']","[u'ddec', u'insurans', u'hukum', u'kanun', u'person', u'tangkap', u'libat', u'jenayah', u'kaji', u'permata']","[u'ddec', u'sarawak', u'batu', u'bersih', u'memang', u'kaji', u'laksana', u'shah', u'permata', u'tangkap']","[u'ddec', u'bajet', u'bangkang', u'sarawak', u'miskin', u'shah', u'golong', u'kaum', u'laksana', u'gst']","[u'ddec', u'laksana', u'permata', u'bajet', u'kaji', u'sarawak', u'hospital', u'memang', u'infrastruktur', u'selenggara']","[u'ddec', u'isa', u'pota', u'sosma', u'jenayah', u'hukum', u'bicara', u'asasi', u'tuduh', u'keseksaan']","[u'ddec', u'insurans', u'permata', u'memang', u'kendali', u'libat', u'china', u'taska', u'bangkit', u'sukan']","[u'ddec', u'bajet', u'permata', u'hutang', u'laksana', u'golong', u'bayar', u'sasar', u'sejahtera', u'sukan']","[u'ddec', u'bajet', u'defisit', u'belanjawan', u'hutang', u'sejahtera', u'mewah', u'golong', u'kdnk', u'br1']","[u'ddec', u'bajet', u'sarawak', u'hospital', u'belanjawan', u'miskin', u'sejahtera', u'dukacita', u'golong', u'kaum']","[u'ddec', u'hukum', u'jenayah', u'sosma', u'drug', u'keseksaan', u'tangkap', u'fasal', u'kanun', u'person']","[u'ddec', u'permata', u'laksana', u'kanak', u'insurans', u'sejahtera', u'libat', u'bajet', u'infrastruktur', u'sarawak']","[u'ddec', u'permata', u'shah', u'laksana', u'bajet', u'libat', u'kaji', u'jelas', u'kerosakan', u'memang']","[u'ddec', u'kontraktor', u'china', u'laksana', u'bangkit', u'industri', u'kendali', u'sukan', u'permata', u'pbt']","[u'ddec', u'tangkap', u'shah', u'hukum', u'tuduh', u'hak', u'lembaga', u'jelas', u'jenayah', u'bicara']","[u'ddec', u'hospital', u'selenggara', u'taman', u'kontraktor', u'bajet', u'sarawak', u'pbt', u'ibs', u'laksana']","[u'ddec', u'bajet', u'defisit', u'gst', u'hutang', u'kdnk', u'minyak', u'belanjawan', u'subsidi', u'cukai']","[u'ddec', u'permata', u'libat', u'laksana', u'padu', u'kaji', u'tangkap', u'shah', u'sempadan', u'memang']"
"[u'ddec', u'hakim', u'fasal', u'peguam', u'witness', u'subseksyen', u'lembaga', u'artikel', u'isa', u'bicara']","[u'ddec', u'hakim', u'tuduh', u'jenayah', u'ganas', u'anwar', u'peguam', u'penjara', u'bebas', u'bicara']","[u'ddec', u'fasal', u'keseksaan', u'jenayah', u'hakim', u'witness', u'kanak', u'penjara', u'kanun', u'l']","[u'ddec', u'tuju', u'badan', u'libat', u'pandu', u'memang', u'of', u'the', u'tulis', u'agens']","[u'ddec', u'kuala', u'lumpur', u'rancang', u'memang', u'jps', u'kuching', u'selesai', u'asli', u'banjir']","[u'ddec', u'gst', u'bajet', u'minyak', u'miskin', u'cukai', u'bayar', u'kutip', u'1mdb', u'anwar']","[u'ddec', u'rancang', u'latih', u'kuala', u'selenggara', u'laksana', u'memang', u'sekolah', u'lumpur', u'hospital']","[u'ddec', u'hakim', u'jenayah', u'isa', u'ganas', u'peguam', u'keseksaan', u'tuduh', u'sosma', u'bicara']","[u'ddec', u'jpj', u'industri', u'memang', u'bayar', u'pandu', u'kuala', u'latih', u'bincang', u'libat']","[u'ddec', u'bayar', u'cukai', u'bajet', u'gst', u'hutang', u'kutip', u'1mdb', u'golong', u'sekolah']","[u'ddec', u'bajet', u'hutang', u'belanjawan', u'defisit', u'gst', u'miskin', u'gula', u'minyak', u'sejahtera']","[u'ddec', u'bajet', u'rmke', u'gst', u'minyak', u'miskin', u'hospital', u'subsidi', u'rancang', u'gula']","[u'ddec', u'jenayah', u'fasal', u'penjara', u'keseksaan', u'kanun', u'subseksyen', u'to', u'kanak', u'witness']","[u'ddec', u'laksana', u'emas', u'cukai', u'rancang', u'warga', u'bayar', u'libat', u'hidup', u'kuala']","[u'ddec', u'rancang', u'kuching', u'laksana', u'1mdb', u'libat', u'memang', u'tuju', u'bayar', u'jelas']","[u'ddec', u'kuala', u'lumpur', u'china', u'industri', u'selenggara', u'latih', u'tapak', u'memang', u'kontraktor']","[u'ddec', u'tuju', u'cakap', u'bayar', u'lantik', u'jelas', u'bincang', u'kastam', u'lembaga', u'memang']","[u'ddec', u'hospital', u'selenggara', u'kuala', u'lumpur', u'bekal', u'bayar', u'dbkl', u'tampung', u'kontraktor']","[u'ddec', u'gst', u'cukai', u'bajet', u'minyak', u'hutang', u'rm39', u'gula', u'kutip', u'subsidi']","[u'ddec', u'agens', u'libat', u'tuju', u'laksana', u'memang', u'bincang', u'sempadan', u'cakap', u'bangkit']"
"[u'ddec', u'hakim', u'peguam', u'fasal', u'hukum', u'law', u'sosma', u'act', u'judicial', u'keseksaan']","[u'ddec', u'hakim', u'syiah', u'hukum', u'jenayah', u'tuduh', u'bunuh', u'hasut', u'bangkang', u'peguam']","[u'ddec', u'jenayah', u'keseksaan', u'hukum', u'criminal', u'fasal', u'nal', u'kanak', u'code', u'hakim']","[u'ddec', u'of', u'libat', u'code', u'the', u'tugas', u'memang', u'kanak', u'had', u'written']","[u'ddec', u'lantan', u'sabah', u'ajar', u'banjir', u'sarawak', u'selangor', u'batu', u'selesai', u'laksana']","[u'ddec', u'bangkang', u'pru', u'ajar', u'rasuah', u'lantan', u'taat', u'gst', u'kaya', u'arab']","[u'ddec', u'ajar', u'laksana', u'sekolah', u'sukan', u'memang', u'universiti', u'lawat', u'taman', u'swasta']","[u'ddec', u'jenayah', u'hukum', u'hasut', u'hakim', u'nal', u'sosma', u'keseksaan', u'tuduh', u'pota']","[u'ddec', u'sukan', u'memang', u'libat', u'industri', u'swasta', u'taman', u'stesen', u'difahamkan', u'patuh']","[u'ddec', u'ajar', u'universiti', u'sekolah', u'tabung', u'sukan', u'bayar', u'yuran', u'laksana', u'institusi']","[u'ddec', u'belanjawan', u'mewah', u'bajet', u'kaya', u'rasuah', u'bangkang', u'miskin', u'hutang', u'defisit']","[u'ddec', u'bajet', u'belanjawan', u'sedih', u'pru', u'sarawak', u'ajar', u'lantan', u'cina', u'sabah']","[u'ddec', u'jenayah', u'hukum', u'keseksaan', u'fasal', u'kanak', u'dadah', u'any', u'kanun', u'act']","[u'ddec', u'laksana', u'ajar', u'institusi', u'kanak', u'libat', u'universiti', u'jaga', u'sarawak', u'sekolah']","[u'ddec', u'laksana', u'banjir', u'libat', u'sampai', u'lantan', u'ajar', u'memang', u'siap', u'milik']","[u'ddec', u'sukan', u'swasta', u'stesen', u'duta', u'industri', u'difahamkan', u'memang', u'kelulus', u'universiti']","[u'ddec', u'of', u'lantik', u'libat', u'cakap', u'peguam', u'sub', u'the', u'hakim', u'faham']","[u'ddec', u'hospital', u'taman', u'klinik', u'sekolah', u'swasta', u'bekal', u'difahamkan', u'ajar', u'water']","[u'ddec', u'gst', u'kaya', u'belanjawan', u'bajet', u'mewah', u'miskin', u'defisit', u'hutang', u'minyak']","[u'ddec', u'ajar', u'undi', u'libat', u'laksana', u'tugas', u'duta', u'sabah', u'batu', u'calon']"
"[u'ddec', u'fasal', u'sosma', u'subseksyen', u'penjara', u'law', u'shall', u'hakim', u'hukum', u'witness']","[u'ddec', u'penjara', u'hukum', u'jenayah', u'tuduh', u'hakim', u'bicara', u'sosma', u'perintah', u'ganas']","[u'ddec', u'fasal', u'penjara', u'sosma', u'jenayah', u'hukum', u'kanak', u'shall', u'subseksyen', u'undang']","[u'ddec', u'kenderaan', u'aes', u'the', u'libat', u'tarif', u'of', u'pelesenan', u'penjara', u'so']","[u'ddec', u'rolling', u'hospital', u'lantan', u'bekal', u'sabah', u'johor', u'laksana', u'sungai', u'kuala']","[u'ddec', u'13', u'gst', u'bajet', u'pru', u'belanja', u'laksana', u'lantan', u'subsidi', u'gula']","[u'ddec', u'rolling', u'lampu', u'plan', u'hospital', u'taraf', u'laksana', u'taman', u'pakar', u'siap']","[u'ddec', u'sosma', u'jenayah', u'tuduh', u'penjara', u'hukum', u'terrorist', u'bicara', u'pota', u'ganas']","[u'ddec', u'kenderaan', u'tarif', u'aes', u'industri', u'jpj', u'taman', u'murah', u'so', u'libat']","[u'ddec', u'hutang', u'bajet', u'bayar', u'laksana', u'hospital', u'belanja', u'subsidi', u'golong', u'nilai']","[u'ddec', u'bajet', u'hutang', u'gula', u'subsidi', u'defisit', u'mewah', u'kemelut', u'belanjawan', u'belanja']","[u'ddec', u'bajet', u'hospital', u'lampu', u'subsidi', u'jambat', u'gula', u'taraf', u'musim', u'sultanah']","[u'ddec', u'penjara', u'fasal', u'hukum', u'subseksyen', u'jenayah', u'sosma', u'tatacara', u'kanak', u'dadah']","[u'ddec', u'laksana', u'hospital', u'libat', u'taraf', u'pulih', u'kanak', u'pakar', u'nilai', u'bekal']","[u'ddec', u'kenderaan', u'laksana', u'siap', u'lampu', u'elektrik', u'musim', u'pasang', u'bekal', u'milik']","[u'ddec', u'plan', u'bekal', u'rolling', u'kontraktor', u'siap', u'megawatt', u'pakar', u'selenggara', u'taraf']","[u'ddec', u'kastam', u'arak', u'duti', u'the', u'tentu', u'fasal', u'penjara', u'libat', u'makna']","[u'ddec', u'hospital', u'rolling', u'lampu', u'plan', u'bekal', u'taman', u'selenggara', u'pakar', u'murah']","[u'ddec', u'gst', u'bajet', u'subsidi', u'hutang', u'gula', u'defisit', u'belanja', u'cukai', u'kaya']","[u'ddec', u'spr', u'libat', u'agens', u'laksana', u'kenderaan', u'bangkit', u'tulis', u'sabah', u'wujud']"
"[u'ddec', u'fasal', u'act', u'subseksyen', u'hasut', u'peguam', u'sosma', u'syariah', u'tafsir', u'keseksaan']","[u'ddec', u'hasut', u'hukum', u'syariah', u'islam', u'1948', u'hakim', u'keseksaan', u'niat', u'peguam']","[u'ddec', u'keseksaan', u'fasal', u'hukum', u'sosma', u'act', u'subseksyen', u'criminal', u'jenayah', u'undang']","[u'ddec', u'libat', u'sijil', u'badan', u'charge', u'bincang', u'bangkit', u'tuju', u'syariah', u'teknikal']","[u'ddec', u'sekolah', u'sabah', u'lantan', u'banjir', u'rancang', u'guru', u'sarawak', u'perak', u'sampai']","[u'ddec', u'bajet', u'sekolah', u'kaya', u'belanjawan', u'lantan', u'sabah', u'jelata', u'gst', u'tiris']","[u'ddec', u'sekolah', u'rancang', u'guru', u'laksana', u'11', u'taraf', u'rmke', u'sabah', u'pelan']","[u'ddec', u'hasut', u'1948', u'keseksaan', u'sosma', u'hukum', u'pota', u'act', u'ganas', u'jenayah']","[u'ddec', u'halal', u'promosi', u'industri', u'sijil', u'bengkel', u'libat', u'plus', u'stesen', u'spad']","[u'ddec', u'sekolah', u'bajet', u'hutang', u'guru', u'bankrap', u'ajar', u'belanjawan', u'bayar', u'belia']","[u'ddec', u'bajet', u'belanjawan', u'hutang', u'kaya', u'tiris', u'sekolah', u'miskin', u'jurang', u'jelata']","[u'ddec', u'bajet', u'sekolah', u'belanjawan', u'rmke', u'11', u'sabah', u'lantan', u'sarawak', u'jurang']","[u'ddec', u'subseksyen', u'fasal', u'act', u'hukum', u'keseksaan', u'kebankrapan', u'syariah', u'sosma', u'kanun']","[u'ddec', u'sekolah', u'laksana', u'sabah', u'guru', u'halal', u'miskin', u'rancang', u'inisiatif', u'sijil']","[u'ddec', u'rancang', u'lantan', u'banjir', u'sabah', u'laksana', u'siap', u'sampai', u'sekolah', u'libat']","[u'ddec', u'incinerator', u'industri', u'selenggara', u'siap', u'teknikal', u'pbt', u'sekolah', u'bangkit', u'tapak']","[u'ddec', u'charge', u'cakap', u'jelas', u'fasal', u'dulu', u'kemudian', u'halal', u'subseksyen', u'tangkap']","[u'ddec', u'sekolah', u'selenggara', u'hospital', u'taman', u'tapak', u'rancang', u'incinerator', u'plan', u'bekal']","[u'ddec', u'bajet', u'hutang', u'gst', u'belanjawan', u'kaya', u'tax', u'kdnk', u'tiris', u'miskin']","[u'ddec', u'sekolah', u'guru', u'halal', u'sabah', u'libat', u'spr', u'sijil', u'lantan', u'jakim']"
"[u'ddec', u'hakim', u'tafsir', u'fasal', u'peguam', u'majistret', u'perenggan', u'ganas', u'undang', u'law']","[u'ddec', u'hakim', u'ganas', u'hasut', u'tahan', u'isa', u'asasi', u'penjara', u'tafsir', u'jenayah']","[u'ddec', u'majistret', u'hakim', u'fasal', u'organized', u'jenayah', u'ganas', u'tafsir', u'nal', u'penjara']","[u'ddec', u'mkn', u'aes', u'bangkit', u'libat', u'pakai', u'kamera', u'of', u'had', u'senjata']","[u'ddec', u'banjir', u'perak', u'asli', u'sabah', u'mkn', u'laksana', u'timur', u'pahang', u'sampai']","[u'ddec', u'bajet', u'kaya', u'belanja', u'melayu', u'belanjawan', u'defisit', u'miskin', u'laksana', u'gst']","[u'ddec', u'laksana', u'perak', u'lampu', u'banjir', u'rancang', u'asli', u'taman', u'cuma', u'khusus']","[u'ddec', u'hasut', u'hakim', u'isa', u'ganas', u'organized', u'asasi', u'tahan', u'jenayah', u'1948']","[u'ddec', u'fit', u'tourism', u'aes', u'bangkit', u'cuma', u'promosi', u'jpj', u'libat', u'china']","[u'ddec', u'bajet', u'hutang', u'hidup', u'gaji', u'laksana', u'belanja', u'bayar', u'ajar', u'defisit']","[u'ddec', u'bajet', u'defisit', u'kaya', u'hutang', u'belanjawan', u'hidup', u'fiskal', u'miskin', u'belanja']","[u'ddec', u'bajet', u'sabah', u'miskin', u'melayu', u'kaya', u'belanjawan', u'defisit', u'belanja', u'hidup']","[u'ddec', u'penjara', u'fasal', u'jenayah', u'offences', u'mkn', u'subseksyen', u'hukum', u'senjata', u'ganas']","[u'ddec', u'laksana', u'hidup', u'asli', u'inisiatif', u'libat', u'khusus', u'sepenuh', u'jaga', u'agens']","[u'ddec', u'mkn', u'banjir', u'aset', u'radar', u'laksana', u'jpm', u'timur', u'sdn', u'bhd']","[u'ddec', u'sdn', u'bangkit', u'loji', u'bhd', u'lokasi', u'sisa', u'runding', u'agens', u'laksana']","[u'ddec', u'hakim', u'jelas', u'lantik', u'mkn', u'senjata', u'makna', u'siasat', u'tahan', u'tafsir']","[u'ddec', u'asli', u'perak', u'lampu', u'sisa', u'taman', u'water', u'hospital', u'laksana', u'bomba']","[u'ddec', u'defisit', u'bajet', u'kaya', u'hutang', u'gst', u'kdnk', u'miskin', u'inflasi', u'belanjawan']","[u'ddec', u'libat', u'laksana', u'agens', u'bangkit', u'spr', u'sempadan', u'mkn', u'jakim', u'jelas']"
"[u'ddec', u'sosma', u'pota', u'isa', u'fasal', u'bicara', u'cpc', u'subseksyen', u'terrorist', u'hakim']","[u'ddec', u'isa', u'sosma', u'bicara', u'tahan', u'pota', u'terrorist', u'asasi', u'ganas', u'zalim']","[u'ddec', u'sosma', u'pota', u'isa', u'cpc', u'terrorist', u'bicara', u'nal', u'terrorism', u'fasal']","[u'ddec', u'officers', u'so', u'prosedur', u'jelas', u'bangkit', u'the', u'code', u'libat', u'sekira']","[u'ddec', u'banjir', u'bersih', u'laksana', u'benteng', u'sabah', u'sarawak', u'sampai', u'sekira', u'jelas']","[u'ddec', u'gst', u'bajet', u'pru', u'kaya', u'belanja', u'13', u'pakat', u'syukur', u'1mdb']","[u'ddec', u'laksana', u'taman', u'tapak', u'kaji', u'pulau', u'bekal', u'rancang', u'memang', u'sekolah']","[u'ddec', u'sosma', u'isa', u'pota', u'terrorist', u'bicara', u'ganas', u'hasut', u'tahan', u'cpc']","[u'ddec', u'lesen', u'so', u'bangkit', u'promosi', u'memang', u'tulis', u'jelas', u'taman', u'safety']","[u'ddec', u'bayar', u'gaji', u'ptptn', u'golong', u'gst', u'laksana', u'hidup', u'hutang', u'nilai']","[u'ddec', u'kaya', u'bajet', u'gst', u'golong', u'rangkap', u'hutang', u'belanjawan', u'hidup', u'syukur']","[u'ddec', u'bajet', u'gst', u'rmke', u'sarawak', u'syukur', u'laksana', u'belanja', u'sabah', u'hospital']","[u'ddec', u'sosma', u'subseksyen', u'fasal', u'dadah', u'hukum', u'tahan', u'cpc', u'terrorism', u'ganas']","[u'ddec', u'laksana', u'jaga', u'nilai', u'agens', u'libat', u'swasta', u'bayar', u'hidup', u'golong']","[u'ddec', u'jelas', u'banjir', u'laksana', u'sekira', u'1mdb', u'libat', u'milik', u'bencana', u'bangkit']","[u'ddec', u'kbs', u'bangkit', u'bekal', u'tapak', u'kelulus', u'energy', u'pbt', u'plan', u'ancang']","[u'ddec', u'tangkap', u'jelas', u'tahan', u'bicara', u'prosedur', u'faham', u'sosma', u'fasal', u'dadah']","[u'ddec', u'bekal', u'hospital', u'taman', u'tapak', u'ngv', u'gas', u'kelulus', u'cuti', u'sisa']","[u'ddec', u'gst', u'tax', u'kaya', u'bajet', u'cukai', u'hutang', u'belanja', u'belanjawan', u'bayar']","[u'ddec', u'jelas', u'laksana', u'libat', u'bangkit', u'sekira', u'agens', u'kuota', u'kaji', u'tulis']"
"[u'ddec', u'peguam', u'fasal', u'subseksyen', u'inquiry', u'hakim', u'board', u'law', u'lembaga', u'undang']","[u'ddec', u'peguam', u'demokrasi', u'hasut', u'inquiry', u'hakim', u'bicara', u'darurat', u'tahan', u'bebas']","[u'ddec', u'peguam', u'inquiry', u'fasal', u'sosma', u'person', u'undang', u'subseksyen', u'law', u'bicara']","[u'ddec', u'the', u'peguam', u'lesen', u'badan', u'to', u'so', u'suruhanjaya', u'i', u'jelas']","[u'ddec', u'hutan', u'sabah', u'selangor', u'banjir', u'undi', u'asli', u'demokrasi', u'ban', u'semenanjung']","[u'ddec', u'bajet', u'13', u'pru', u'bohong', u'minyak', u'demokrasi', u'subsidi', u'bangkang', u'gst']","[u'ddec', u'laksana', u'belia', u'sekolah', u'taman', u'rancang', u'hutan', u'selangor', u'asli', u'kemas']","[u'ddec', u'peguam', u'hasut', u'inquiry', u'demokrasi', u'hakim', u'1948', u'sosma', u'bicara', u'tuduh']","[u'ddec', u'lesen', u'i', u'so', u'the', u'organik', u'bangkit', u'hutan', u'to', u'memang']","[u'ddec', u'bajet', u'sekolah', u'belia', u'nilai', u'subsidi', u'bayar', u'defisit', u'minyak', u'duit']","[u'ddec', u'bajet', u'defisit', u'subsidi', u'minyak', u'kaya', u'belanjawan', u'demokrasi', u'senjang', u'13']","[u'ddec', u'bajet', u'subsidi', u'sabah', u'minyak', u'13', u'tuanku', u'selangor', u'defisit', u'gst']","[u'ddec', u'subseksyen', u'peguam', u'fasal', u'the', u'penjara', u'undang', u'inquiry', u'jenayah', u'perenggan']","[u'ddec', u'hutan', u'laksana', u'sabah', u'wujud', u'nilai', u'wanita', u'agens', u'kenal', u'asli']","[u'ddec', u'sabah', u'banjir', u'selangor', u'hutan', u'jelas', u'milik', u'laksana', u'demokrasi', u'nilai']","[u'ddec', u'bangkit', u'pbt', u'lesen', u'agens', u'kuala', u'selangor', u'lumpur', u'belia', u'kontraktor']","[u'ddec', u'peguam', u'jelas', u'the', u'is', u'faham', u'inquiry', u'siasat', u'cakap', u'siapa']","[u'ddec', u'taman', u'organik', u'bekal', u'subsidi', u'asli', u'baja', u'sekolah', u'hutan', u'pbt']","[u'ddec', u'bajet', u'gst', u'minyak', u'defisit', u'subsidi', u'cukai', u'kaya', u'sst', u'tax']","[u'ddec', u'sabah', u'agens', u'padu', u'wujud', u'suruhanjaya', u'jelas', u'undi', u'bangkit', u'spr']"
"[u'ddec', u'fasal', u'peguam', u'sosma', u'subseksyen', u'perenggan', u'hukum', u'organized', u'hakim', u'person']","[u'ddec', u'hukum', u'hasut', u'peguam', u'jenayah', u'tuduh', u'dakwa', u'sosma', u'isa', u'organized']","[u'ddec', u'sosma', u'organized', u'hukum', u'fasal', u'nal', u'vib', u'jenayah', u'sentence', u'subseksyen']","[u'ddec', u'to', u'the', u'bangkit', u'sema', u'libat', u'jelas', u'memang', u'bincang', u'of']","[u'ddec', u'lantan', u'asli', u'sungai', u'selangor', u'banjir', u'rancang', u'lawat', u'pahang', u'sarawak']","[u'ddec', u'bajet', u'belanjawan', u'kroni', u'lantan', u'pakat', u'kaya', u'belanja', u'bangkang', u'mimpi']","[u'ddec', u'rancang', u'tourism', u'taman', u'latih', u'laksana', u'asli', u'sekolah', u'pulau', u'lampu']","[u'ddec', u'sosma', u'hasut', u'organized', u'nal', u'jenayah', u'tuduh', u'hukum', u'peguam', u'isa']","[u'ddec', u'tourism', u'promosi', u'homestay', u'memang', u'bangkit', u'taman', u'lesen', u'operator', u'motor']","[u'ddec', u'hutang', u'bajet', u'sekolah', u'guru', u'sasar', u'ajar', u'murid', u'bayar', u'belanjawan']","[u'ddec', u'hutang', u'belanjawan', u'bajet', u'defisit', u'kroni', u'kaya', u'tiris', u'rmk', u'swt']","[u'ddec', u'bajet', u'rmk', u'belanjawan', u'lantan', u'rmke', u'sarawak', u'pulau', u'10', u'11']","[u'ddec', u'subseksyen', u'hukum', u'fasal', u'sosma', u'jenayah', u'sentence', u'drug', u'dadah', u'punishment']","[u'ddec', u'laksana', u'asli', u'rancang', u'sekitar', u'fizikal', u'wanita', u'faktor', u'hutan', u'kebaji']","[u'ddec', u'lantan', u'rancang', u'banjir', u'selangor', u'lebuh', u'siap', u'jelas', u'bangkit', u'asli']","[u'ddec', u'bangkit', u'tapak', u'latih', u'lokasi', u'taman', u'memang', u'green', u'selenggara', u'geran']","[u'ddec', u'jelas', u'faham', u'shah', u'cakap', u'the', u'peguam', u'tengok', u'bangkit', u'siasat']","[u'ddec', u'taman', u'asli', u'tapak', u'kilang', u'bekal', u'selenggara', u'hospital', u'jenis', u'memang']","[u'ddec', u'hutang', u'bajet', u'belanjawan', u'gst', u'defisit', u'tiris', u'kaya', u'inflasi', u'cukai']","[u'ddec', u'bangkit', u'jelas', u'agens', u'padu', u'bincang', u'libat', u'bekerjasama', u'lantan', u'kaji']"
"[u'ddec', u'fasal', u'hakim', u'lembaga', u'hasut', u'child', u'pornography', u'peguam', u'undang', u'subseksyen']","[u'ddec', u'hasut', u'hakim', u'ganas', u'lembaga', u'pota', u'1948', u'hukum', u'isa', u'peguam']","[u'ddec', u'child', u'pornography', u'fasal', u'pota', u'sosma', u'undang', u'legislation', u'ganas', u'majistret']","[u'ddec', u'tnb', u'suruhanjaya', u'not', u'penjanaan', u'megawatt', u'tuju', u'jelas', u'of', u'the']","[u'ddec', u'selesai', u'sampah', u'sekolah', u'buang', u'sekitar', u'laksana', u'sarawak', u'banjir', u'bersih']","[u'ddec', u'bajet', u'gst', u'najib', u'hutang', u'kaya', u'belanjawan', u'laksana', u'belanja', u'bangkang']","[u'ddec', u'laksana', u'sekolah', u'bomba', u'taman', u'elektrik', u'plan', u'pelan', u'green', u'pbt']","[u'ddec', u'hasut', u'sosma', u'1948', u'hakim', u'pota', u'ganas', u'isa', u'jenayah', u'hukum']","[u'ddec', u'lesen', u'megawatt', u'koperasi', u'tnb', u'ipp', u'penjanaan', u'ikan', u'konsesi', u'insentif']","[u'ddec', u'bajet', u'hutang', u'sekolah', u'bayar', u'gst', u'beban', u'ajar', u'laksana', u'hidup']","[u'ddec', u'bajet', u'hutang', u'gst', u'najib', u'belanjawan', u'kaya', u'kdnk', u'subsidi', u'hidup']","[u'ddec', u'bajet', u'gst', u'sekolah', u'sarawak', u'belanjawan', u'laksana', u'belanja', u'hidup', u'subsidi']","[u'ddec', u'child', u'pornography', u'fasal', u'subseksyen', u'penalti', u'hukum', u'undang', u'denda', u'sosma']","[u'ddec', u'laksana', u'warga', u'emas', u'sekolah', u'hidup', u'sekitar', u'wanita', u'komuniti', u'sosial']","[u'ddec', u'ipp', u'laksana', u'jelas', u'penjanaan', u'selesai', u'tnb', u'elektrik', u'1mdb', u'suruhanjaya']","[u'ddec', u'tnb', u'megawatt', u'beringin', u'energy', u'pbt', u'waste', u'ipp', u'penjanaan', u'margin']","[u'ddec', u'jelas', u'lembaga', u'suruhanjaya', u'shah', u'tuju', u'fasal', u'siapa', u'not', u'cakap']","[u'ddec', u'sampah', u'beringin', u'waste', u'bekal', u'elektrik', u'incinerator', u'taman', u'sekolah', u'bomba']","[u'ddec', u'gst', u'bajet', u'hutang', u'cukai', u'kdnk', u'sst', u'subsidi', u'belanjawan', u'regresif']","[u'ddec', u'suruhanjaya', u'laksana', u'jelas', u'selesai', u'sekolah', u'bincang', u'tuju', u'agens', u'bangkit']"
"[u'ddec', u'fasal', u'hakim', u'judicial', u'isa', u'act', u'tafsir', u'of', u'profesion', u'hasut']","[u'ddec', u'hakim', u'hasut', u'isa', u'jenayah', u'ganas', u'bicara', u'penjara', u'tahan', u'hukum']","[u'ddec', u'fasal', u'child', u'hakim', u'jenayah', u'isa', u'act', u'pota', u'seksual', u'penjara']","[u'ddec', u'of', u'the', u'selia', u'bangkit', u'badan', u'lgm', u'memang', u'fasal', u'operator']","[u'ddec', u'sungai', u'sekitar', u'padang', u'undi', u'hutan', u'sabah', u'cemar', u'rancang', u'laksana']","[u'ddec', u'bajet', u'gst', u'belanjawan', u'kaya', u'minyak', u'subsidi', u'br1', u'defisit', u'kdnk']","[u'ddec', u'rancang', u'jkr', u'sekitar', u'laksana', u'taraf', u'siap', u'taman', u'plan', u'bajet']","[u'ddec', u'hakim', u'hasut', u'isa', u'jenayah', u'bicara', u'pota', u'ganas', u'tuduh', u'1948']","[u'ddec', u'operator', u'industri', u'lesen', u'lgm', u'tourism', u'memang', u'skim', u'taman', u'komersial']","[u'ddec', u'bajet', u'belanjawan', u'hutang', u'kdnk', u'golong', u'beban', u'defisit', u'br1', u'gst']","[u'ddec', u'bajet', u'belanjawan', u'kaya', u'defisit', u'subsidi', u'kdnk', u'hutang', u'minyak', u'fiskal']","[u'ddec', u'bajet', u'belanjawan', u'subsidi', u'gst', u'minyak', u'kaya', u'kdnk', u'defisit', u'belanja']","[u'ddec', u'fasal', u'child', u'sita', u'penjara', u'jenayah', u'hukum', u'dadah', u'of', u'act']","[u'ddec', u'sekitar', u'laksana', u'bajet', u'golong', u'samping', u'garis', u'minyak', u'hutan', u'kaya']","[u'ddec', u'siap', u'rancang', u'laksana', u'timur', u'lebuh', u'aset', u'bajet', u'sampai', u'darat']","[u'ddec', u'pbt', u'incinerator', u'siap', u'bangkit', u'beringin', u'operator', u'sekitar', u'kpkt', u'plan']","[u'ddec', u'fasal', u'hakim', u'makna', u'of', u'jelas', u'tangkap', u'tuju', u'the', u'sita']","[u'ddec', u'subsidi', u'taman', u'incinerator', u'selenggara', u'jkr', u'bajet', u'beringin', u'tol', u'sungai']","[u'ddec', u'gst', u'bajet', u'belanjawan', u'defisit', u'kaya', u'subsidi', u'minyak', u'fiskal', u'kdnk']","[u'ddec', u'undi', u'bangkit', u'laksana', u'padang', u'agens', u'spr', u'libat', u'kaum', u'bumiputera']"
